time,bid,ask,last,volume,time_msc,flags,volume_real
1738229930,107.111,107.126,0.0,0,1738229930655,130,0.0
1738229931,107.111,107.127,0.0,0,1738229931734,4,0.0
1738229932,107.112,107.127,0.0,0,1738229932137,130,0.0
1738229932,107.111,107.126,0.0,0,1738229932965,134,0.0
1738229933,107.11,107.125,0.0,0,1738229933755,134,0.0
1738229934,107.111,107.126,0.0,0,1738229934763,134,0.0
1738229939,107.11,107.125,0.0,0,1738229939613,134,0.0
1738229940,107.11,107.125,0.0,0,1738229940020,130,0.0
1738229940,107.109,107.123,0.0,0,1738229940229,134,0.0
1738229941,107.109,107.124,0.0,0,1738229941633,4,0.0
1738229942,107.11,107.123,0.0,0,1738229942037,134,0.0
1738229942,107.111,107.124,0.0,0,1738229942537,134,0.0
1738229943,107.111,107.125,0.0,0,1738229943858,4,0.0
1738229944,107.111,107.124,0.0,0,1738229944666,4,0.0
1738229945,107.111,107.125,0.0,0,1738229945505,4,0.0
1738229946,107.111,107.124,0.0,0,1738229946166,4,0.0
1738229946,107.111,107.125,0.0,0,1738229946286,4,0.0
1738229947,107.106,107.119,0.0,0,1738229947295,134,0.0
1738229947,107.106,107.12,0.0,0,1738229947497,4,0.0
1738229947,107.107,107.12,0.0,0,1738229947815,130,0.0
1738229948,107.104,107.118,0.0,0,1738229948148,134,0.0
1738229949,107.104,107.119,0.0,0,1738229949135,4,0.0
1738229950,107.104,107.118,0.0,0,1738229950456,4,0.0
1738229952,107.104,107.119,0.0,0,1738229952550,4,0.0
1738229952,107.111,107.125,0.0,0,1738229952950,134,0.0
1738229953,107.109,107.123,0.0,0,1738229953162,134,0.0
1738229953,107.111,107.125,0.0,0,1738229953425,134,0.0
1738229953,107.11,107.124,0.0,0,1738229953559,134,0.0
1738229953,107.11,107.125,0.0,0,1738229953759,4,0.0
1738229954,107.11,107.124,0.0,0,1738229954085,4,0.0
1738229954,107.111,107.126,0.0,0,1738229954166,134,0.0
1738229954,107.11,107.125,0.0,0,1738229954413,134,0.0
1738229958,107.113,107.127,0.0,0,1738229958413,134,0.0
1738229961,107.116,107.13,0.0,0,1738229961043,134,0.0
1738229961,107.116,107.131,0.0,0,1738229961344,4,0.0
1738229962,107.117,107.131,0.0,0,1738229962049,130,0.0
1738229963,107.116,107.131,0.0,0,1738229963325,130,0.0
1738229964,107.117,107.131,0.0,0,1738229964475,130,0.0
1738229965,107.114,107.128,0.0,0,1738229965487,134,0.0
1738229965,107.113,107.126,0.0,0,1738229965687,134,0.0
1738229965,107.113,107.127,0.0,0,1738229965963,4,0.0
1738229966,107.113,107.126,0.0,0,1738229966091,4,0.0
1738229967,107.113,107.127,0.0,0,1738229967102,4,0.0
1738229969,107.113,107.128,0.0,0,1738229969323,4,0.0
1738229969,107.113,107.127,0.0,0,1738229969593,4,0.0
1738229970,107.111,107.126,0.0,0,1738229970255,134,0.0
1738229971,107.112,107.126,0.0,0,1738229971244,130,0.0
1738229972,107.114,107.129,0.0,0,1738229972566,134,0.0
1738229973,107.115,107.129,0.0,0,1738229973224,130,0.0
1738229974,107.115,107.13,0.0,0,1738229974214,4,0.0
1738229976,107.114,107.129,0.0,0,1738229976195,134,0.0
1738229976,107.115,107.13,0.0,0,1738229976596,134,0.0
1738229978,107.115,107.129,0.0,0,1738229978211,4,0.0
1738229979,107.114,107.129,0.0,0,1738229979828,130,0.0
1738229980,107.111,107.124,0.0,0,1738229980158,134,0.0
1738229980,107.108,107.122,0.0,0,1738229980233,134,0.0
1738229980,107.109,107.122,0.0,0,1738229980485,130,0.0
1738229980,107.109,107.123,0.0,0,1738229980836,4,0.0
1738229981,107.11,107.124,0.0,0,1738229981240,134,0.0
1738229981,107.109,107.123,0.0,0,1738229981475,134,0.0
1738229982,107.114,107.128,0.0,0,1738229982253,134,0.0
1738229982,107.115,107.129,0.0,0,1738229982465,134,0.0
1738229983,107.114,107.129,0.0,0,1738229983125,130,0.0
1738229983,107.115,107.129,0.0,0,1738229983463,130,0.0
1738229985,107.114,107.128,0.0,0,1738229985283,134,0.0
1738229985,107.114,107.129,0.0,0,1738229985764,4,0.0
1738229992,107.113,107.127,0.0,0,1738229992555,134,0.0
1738229992,107.111,107.124,0.0,0,1738229992755,134,0.0
1738229993,107.111,107.125,0.0,0,1738229993026,4,0.0
1738229993,107.111,107.126,0.0,0,1738229993765,4,0.0
1738229994,107.111,107.125,0.0,0,1738229994676,4,0.0
1738229994,107.111,107.126,0.0,0,1738229994775,4,0.0
1738229996,107.111,107.125,0.0,0,1738229996187,4,0.0
1738229996,107.11,107.124,0.0,0,1738229996998,134,0.0
1738229997,107.111,107.125,0.0,0,1738229997315,134,0.0
1738229999,107.111,107.124,0.0,0,1738229999418,4,0.0
1738229999,107.111,107.125,0.0,0,1738229999627,4,0.0
1738230000,107.111,107.125,0.0,0,1738230000027,130,0.0
1738230000,107.111,107.124,0.0,0,1738230000285,4,0.0
1738230002,107.11,107.124,0.0,0,1738230002264,130,0.0
1738230002,107.109,107.122,0.0,0,1738230002456,134,0.0
1738230002,107.104,107.116,0.0,0,1738230002653,134,0.0
1738230002,107.103,107.116,0.0,0,1738230002925,130,0.0
1738230003,107.102,107.116,0.0,0,1738230003056,130,0.0
1738230003,107.103,107.116,0.0,0,1738230003584,130,0.0
1738230004,107.102,107.116,0.0,0,1738230004067,130,0.0
1738230004,107.102,107.117,0.0,0,1738230004268,4,0.0
1738230004,107.101,107.116,0.0,0,1738230004574,134,0.0
1738230006,107.101,107.115,0.0,0,1738230006084,4,0.0
1738230006,107.101,107.114,0.0,0,1738230006286,4,0.0
1738230006,107.101,107.115,0.0,0,1738230006555,4,0.0
1738230007,107.101,107.116,0.0,0,1738230007543,4,0.0
1738230007,107.102,107.116,0.0,0,1738230007903,130,0.0
1738230011,107.1,107.114,0.0,0,1738230011176,134,0.0
1738230011,107.096,107.109,0.0,0,1738230011536,134,0.0
1738230011,107.095,107.109,0.0,0,1738230011834,130,0.0
1738230011,107.096,107.109,0.0,0,1738230011939,130,0.0
1738230012,107.094,107.108,0.0,0,1738230012168,134,0.0
1738230013,107.095,107.109,0.0,0,1738230013957,134,0.0
1738230017,107.095,107.11,0.0,0,1738230017114,4,0.0
1738230017,107.094,107.109,0.0,0,1738230017188,134,0.0
1738230018,107.094,107.108,0.0,0,1738230018105,4,0.0
1738230019,107.093,107.107,0.0,0,1738230019424,134,0.0
1738230020,107.094,107.107,0.0,0,1738230020422,130,0.0
1738230020,107.094,107.108,0.0,0,1738230020743,4,0.0
1738230021,107.094,107.107,0.0,0,1738230021230,4,0.0
1738230021,107.095,107.108,0.0,0,1738230021433,134,0.0
1738230021,107.094,107.107,0.0,0,1738230021835,134,0.0
1738230024,107.095,107.109,0.0,0,1738230024704,134,0.0
1738230024,107.097,107.11,0.0,0,1738230024865,134,0.0
1738230025,107.101,107.115,0.0,0,1738230025066,134,0.0
1738230025,107.097,107.111,0.0,0,1738230025365,134,0.0
1738230025,107.102,107.115,0.0,0,1738230025472,134,0.0
1738230025,107.103,107.116,0.0,0,1738230025694,134,0.0
1738230025,107.101,107.115,0.0,0,1738230025877,134,0.0
1738230026,107.098,107.111,0.0,0,1738230026353,134,0.0
1738230026,107.101,107.114,0.0,0,1738230026483,134,0.0
1738230027,107.101,107.115,0.0,0,1738230027085,4,0.0
1738230027,107.1,107.114,0.0,0,1738230027692,134,0.0
1738230028,107.101,107.115,0.0,0,1738230028102,134,0.0
1738230028,107.097,107.112,0.0,0,1738230028333,134,0.0
1738230028,107.1,107.114,0.0,0,1738230028500,134,0.0
1738230028,107.099,107.113,0.0,0,1738230028702,134,0.0
1738230028,107.1,107.115,0.0,0,1738230028997,134,0.0
1738230029,107.099,107.114,0.0,0,1738230029106,134,0.0
1738230029,107.1,107.115,0.0,0,1738230029324,134,0.0
1738230030,107.1,107.114,0.0,0,1738230030317,4,0.0
1738230030,107.1,107.115,0.0,0,1738230030644,4,0.0
1738230031,107.1,107.114,0.0,0,1738230031129,4,0.0
1738230031,107.1,107.115,0.0,0,1738230031735,4,0.0
1738230031,107.1,107.114,0.0,0,1738230031964,4,0.0
1738230032,107.099,107.113,0.0,0,1738230032139,134,0.0
1738230032,107.1,107.114,0.0,0,1738230032744,134,0.0
1738230033,107.1,107.115,0.0,0,1738230033148,4,0.0
1738230034,107.1,107.114,0.0,0,1738230034764,4,0.0
1738230035,107.099,107.114,0.0,0,1738230035593,130,0.0
1738230035,107.099,107.113,0.0,0,1738230035976,4,0.0
1738230036,107.098,107.113,0.0,0,1738230036380,130,0.0
1738230036,107.099,107.113,0.0,0,1738230036583,130,0.0
1738230036,107.098,107.113,0.0,0,1738230036912,130,0.0
1738230037,107.099,107.114,0.0,0,1738230037395,134,0.0
1738230037,107.098,107.113,0.0,0,1738230037594,134,0.0
1738230038,107.099,107.113,0.0,0,1738230038235,130,0.0
1738230040,107.098,107.113,0.0,0,1738230040018,130,0.0
1738230042,107.097,107.111,0.0,0,1738230042525,134,0.0
1738230043,107.097,107.112,0.0,0,1738230043252,4,0.0
1738230045,107.096,107.11,0.0,0,1738230045495,134,0.0
1738230045,107.095,107.11,0.0,0,1738230045675,130,0.0
1738230045,107.096,107.111,0.0,0,1738230045877,134,0.0
1738230046,107.095,107.11,0.0,0,1738230046154,134,0.0
1738230047,107.096,107.11,0.0,0,1738230047493,130,0.0
1738230048,107.095,107.11,0.0,0,1738230048135,130,0.0
1738230049,107.096,107.11,0.0,0,1738230049124,130,0.0
1738230049,107.095,107.11,0.0,0,1738230049315,130,0.0
1738230051,107.097,107.112,0.0,0,1738230051135,134,0.0
1738230051,107.101,107.117,0.0,0,1738230051537,134,0.0
1738230051,107.103,107.117,0.0,0,1738230051764,130,0.0
1738230051,107.102,107.117,0.0,0,1738230051941,130,0.0
1738230052,107.103,107.118,0.0,0,1738230052142,134,0.0
1738230054,107.104,107.119,0.0,0,1738230054408,134,0.0
1738230056,107.097,107.111,0.0,0,1738230056714,134,0.0
1738230056,107.097,107.112,0.0,0,1738230056790,4,0.0
1738230057,107.096,107.111,0.0,0,1738230057047,134,0.0
1738230057,107.095,107.11,0.0,0,1738230057199,134,0.0
1738230059,107.094,107.109,0.0,0,1738230059820,134,0.0
1738230060,107.092,107.107,0.0,0,1738230060035,134,0.0
1738230060,107.091,107.106,0.0,0,1738230060345,134,0.0
1738230060,107.09,107.105,0.0,0,1738230060426,134,0.0
1738230060,107.089,107.104,0.0,0,1738230060676,134,0.0
1738230064,107.09,107.105,0.0,0,1738230064060,134,0.0
1738230064,107.091,107.105,0.0,0,1738230064667,130,0.0
1738230064,107.089,107.104,0.0,0,1738230064963,134,0.0
1738230065,107.088,107.103,0.0,0,1738230065293,134,0.0
1738230065,107.089,107.103,0.0,0,1738230065476,130,0.0
1738230066,107.088,107.103,0.0,0,1738230066079,130,0.0
1738230066,107.089,107.103,0.0,0,1738230066943,130,0.0
1738230067,107.088,107.103,0.0,0,1738230067293,130,0.0
1738230067,107.09,107.104,0.0,0,1738230067699,134,0.0
1738230068,107.09,107.105,0.0,0,1738230068924,4,0.0
1738230069,107.09,107.104,0.0,0,1738230069319,4,0.0
1738230069,107.091,107.106,0.0,0,1738230069920,134,0.0
1738230070,107.09,107.105,0.0,0,1738230070243,134,0.0
1738230072,107.091,107.105,0.0,0,1738230072224,130,0.0
1738230075,107.097,107.111,0.0,0,1738230075196,134,0.0
1738230075,107.098,107.112,0.0,0,1738230075377,134,0.0
1738230075,107.102,107.116,0.0,0,1738230075852,134,0.0
1738230076,107.099,107.114,0.0,0,1738230076511,134,0.0
1738230076,107.1,107.114,0.0,0,1738230076986,130,0.0
1738230077,107.099,107.114,0.0,0,1738230077189,130,0.0
1738230077,107.1,107.115,0.0,0,1738230077834,134,0.0
1738230077,107.1,107.116,0.0,0,1738230077998,4,0.0
1738230078,107.103,107.118,0.0,0,1738230078200,134,0.0
1738230080,107.103,107.117,0.0,0,1738230080222,4,0.0
1738230080,107.103,107.118,0.0,0,1738230080474,4,0.0
1738230081,107.104,107.119,0.0,0,1738230081234,134,0.0
1738230082,107.105,107.119,0.0,0,1738230082241,130,0.0
1738230083,107.105,107.12,0.0,0,1738230083114,4,0.0
1738230083,107.104,107.119,0.0,0,1738230083252,134,0.0
1738230084,107.103,107.119,0.0,0,1738230084103,130,0.0
1738230084,107.102,107.117,0.0,0,1738230084260,134,0.0
1738230085,107.102,107.116,0.0,0,1738230085274,4,0.0
1738230085,107.102,107.117,0.0,0,1738230085878,4,0.0
1738230086,107.103,107.117,0.0,0,1738230086414,130,0.0
1738230086,107.102,107.117,0.0,0,1738230086744,130,0.0
1738230086,107.102,107.116,0.0,0,1738230086888,4,0.0
1738230087,107.101,107.116,0.0,0,1738230087095,130,0.0
1738230087,107.097,107.112,0.0,0,1738230087499,134,0.0
1738230087,107.088,107.103,0.0,0,1738230087734,134,0.0
1738230087,107.09,107.105,0.0,0,1738230087898,134,0.0
1738230088,107.092,107.107,0.0,0,1738230088393,134,0.0
1738230090,107.093,107.108,0.0,0,1738230090730,134,0.0
1738230091,107.092,107.107,0.0,0,1738230091537,134,0.0
1738230091,107.093,107.108,0.0,0,1738230091740,134,0.0
1738230092,107.094,107.109,0.0,0,1738230092023,134,0.0
1738230092,107.094,107.108,0.0,0,1738230092142,4,0.0
1738230093,107.094,107.109,0.0,0,1738230093013,4,0.0
1738230093,107.097,107.111,0.0,0,1738230093155,134,0.0
1738230093,107.097,107.112,0.0,0,1738230093355,4,0.0
1738230093,107.096,107.111,0.0,0,1738230093673,134,0.0
1738230094,107.097,107.112,0.0,0,1738230094166,134,0.0
1738230094,107.097,107.113,0.0,0,1738230094369,4,0.0
1738230097,107.095,107.11,0.0,0,1738230097634,134,0.0
1738230102,107.096,107.111,0.0,0,1738230102452,134,0.0
1738230102,107.095,107.11,0.0,0,1738230102914,134,0.0
1738230106,107.096,107.11,0.0,0,1738230106896,130,0.0
1738230107,107.095,107.11,0.0,0,1738230107202,130,0.0
1738230107,107.097,107.112,0.0,0,1738230107704,134,0.0
1738230107,107.098,107.112,0.0,0,1738230107906,130,0.0
1738230108,107.098,107.113,0.0,0,1738230108716,4,0.0
1738230109,107.099,107.114,0.0,0,1738230109928,134,0.0
1738230110,107.098,107.113,0.0,0,1738230110173,134,0.0
1738230111,107.103,107.117,0.0,0,1738230111544,134,0.0
1738230111,107.103,107.118,0.0,0,1738230111822,4,0.0
1738230111,107.103,107.117,0.0,0,1738230111945,4,0.0
1738230112,107.103,107.118,0.0,0,1738230112155,4,0.0
1738230112,107.103,107.119,0.0,0,1738230112351,4,0.0
1738230113,107.105,107.12,0.0,0,1738230113162,134,0.0
1738230113,107.105,107.119,0.0,0,1738230113802,4,0.0
1738230113,107.106,107.121,0.0,0,1738230113963,134,0.0
1738230114,107.106,107.12,0.0,0,1738230114465,4,0.0
1738230114,107.105,107.119,0.0,0,1738230114569,134,0.0
1738230115,107.106,107.12,0.0,0,1738230115177,134,0.0
1738230115,107.105,107.119,0.0,0,1738230115453,134,0.0
1738230116,107.106,107.12,0.0,0,1738230116185,134,0.0
1738230117,107.105,107.119,0.0,0,1738230117434,134,0.0
1738230117,107.106,107.12,0.0,0,1738230117800,134,0.0
1738230118,107.105,107.119,0.0,0,1738230118424,134,0.0
1738230119,107.106,107.12,0.0,0,1738230119084,134,0.0
1738230119,107.105,107.119,0.0,0,1738230119213,134,0.0
1738230119,107.106,107.12,0.0,0,1738230119743,134,0.0
1738230119,107.105,107.119,0.0,0,1738230119818,134,0.0
1738230120,107.105,107.119,0.0,0,1738230120077,130,0.0
1738230120,107.106,107.12,0.0,0,1738230120426,134,0.0
1738230120,107.106,107.121,0.0,0,1738230120734,4,0.0
1738230120,107.106,107.12,0.0,0,1738230120829,4,0.0
1738230121,107.106,107.121,0.0,0,1738230121436,4,0.0
1738230124,107.107,107.121,0.0,0,1738230124869,130,0.0
1738230125,107.104,107.119,0.0,0,1738230125354,134,0.0
1738230128,107.104,107.118,0.0,0,1738230128501,4,0.0
1738230129,107.104,107.119,0.0,0,1738230129109,4,0.0
1738230130,107.104,107.118,0.0,0,1738230130724,4,0.0
1738230131,107.098,107.112,0.0,0,1738230131333,134,0.0
1738230131,107.097,107.112,0.0,0,1738230131625,130,0.0
1738230132,107.097,107.111,0.0,0,1738230132342,4,0.0
1738230135,107.097,107.112,0.0,0,1738230135777,4,0.0
1738230135,107.097,107.111,0.0,0,1738230135978,4,0.0
1738230136,107.097,107.112,0.0,0,1738230136987,4,0.0
1738230137,107.097,107.111,0.0,0,1738230137234,4,0.0
1738230137,107.097,107.112,0.0,0,1738230137997,4,0.0
1738230138,107.097,107.111,0.0,0,1738230138401,4,0.0
1738230138,107.097,107.112,0.0,0,1738230138603,4,0.0
1738230138,107.098,107.112,0.0,0,1738230138883,130,0.0
1738230139,107.097,107.112,0.0,0,1738230139612,130,0.0
1738230140,107.096,107.11,0.0,0,1738230140220,134,0.0
1738230140,107.095,107.11,0.0,0,1738230140533,130,0.0
1738230143,107.099,107.113,0.0,0,1738230143656,134,0.0
1738230143,107.098,107.113,0.0,0,1738230143855,130,0.0
1738230147,107.098,107.112,0.0,0,1738230147133,4,0.0
1738230147,107.097,107.111,0.0,0,1738230147793,134,0.0
1738230147,107.102,107.116,0.0,0,1738230147896,134,0.0
1738230148,107.101,107.115,0.0,0,1738230148904,134,0.0
1738230149,107.1,107.115,0.0,0,1738230149308,130,0.0
1738230149,107.1,107.114,0.0,0,1738230149512,4,0.0
1738230150,107.1,107.115,0.0,0,1738230150431,4,0.0
1738230150,107.101,107.116,0.0,0,1738230150523,134,0.0
1738230150,107.1,107.115,0.0,0,1738230150764,134,0.0
1738230150,107.101,107.116,0.0,0,1738230150928,134,0.0
1738230151,107.1,107.115,0.0,0,1738230151130,134,0.0
1738230151,107.095,107.109,0.0,0,1738230151534,134,0.0
1738230151,107.094,107.109,0.0,0,1738230151939,130,0.0
1738230152,107.094,107.11,0.0,0,1738230152413,4,0.0
1738230152,107.094,107.111,0.0,0,1738230152547,4,0.0
1738230152,107.095,107.111,0.0,0,1738230152747,130,0.0
1738230153,107.094,107.11,0.0,0,1738230153150,134,0.0
1738230153,107.094,107.111,0.0,0,1738230153404,4,0.0
1738230153,107.094,107.11,0.0,0,1738230153557,4,0.0
1738230153,107.095,107.111,0.0,0,1738230153756,134,0.0
1738230154,107.094,107.11,0.0,0,1738230154062,134,0.0
1738230154,107.094,107.111,0.0,0,1738230154158,4,0.0
1738230155,107.095,107.11,0.0,0,1738230155169,134,0.0
1738230155,107.094,107.109,0.0,0,1738230155774,134,0.0
1738230156,107.096,107.111,0.0,0,1738230156178,134,0.0
1738230157,107.095,107.11,0.0,0,1738230157034,134,0.0
1738230157,107.096,107.112,0.0,0,1738230157692,134,0.0
1738230157,107.096,107.111,0.0,0,1738230157794,4,0.0
1738230158,107.092,107.107,0.0,0,1738230158023,134,0.0
1738230159,107.091,107.107,0.0,0,1738230159211,130,0.0
1738230160,107.087,107.103,0.0,0,1738230160015,134,0.0
1738230160,107.088,107.104,0.0,0,1738230160334,134,0.0
1738230160,107.088,107.105,0.0,0,1738230160421,4,0.0
1738230160,107.088,107.104,0.0,0,1738230160675,4,0.0
1738230161,107.086,107.103,0.0,0,1738230161323,134,0.0
1738230161,107.085,107.103,0.0,0,1738230161429,130,0.0
1738230162,107.087,107.105,0.0,0,1738230162439,134,0.0
1738230162,107.084,107.101,0.0,0,1738230162645,134,0.0
1738230162,107.082,107.1,0.0,0,1738230162972,134,0.0
1738230163,107.083,107.101,0.0,0,1738230163047,134,0.0
1738230163,107.084,107.101,0.0,0,1738230163653,130,0.0
1738230164,107.086,107.104,0.0,0,1738230164294,134,0.0
1738230165,107.086,107.103,0.0,0,1738230165674,4,0.0
1738230165,107.086,107.104,0.0,0,1738230165942,4,0.0
1738230166,107.086,107.103,0.0,0,1738230166075,4,0.0
1738230166,107.086,107.104,0.0,0,1738230166277,4,0.0
1738230166,107.086,107.103,0.0,0,1738230166681,4,0.0
1738230166,107.088,107.106,0.0,0,1738230166933,134,0.0
1738230167,107.087,107.104,0.0,0,1738230167083,134,0.0
1738230168,107.085,107.103,0.0,0,1738230168093,134,0.0
1738230168,107.086,107.104,0.0,0,1738230168295,134,0.0
1738230168,107.087,107.104,0.0,0,1738230168699,130,0.0
1738230169,107.086,107.103,0.0,0,1738230169573,134,0.0
1738230170,107.085,107.103,0.0,0,1738230170561,130,0.0
1738230172,107.085,107.101,0.0,0,1738230172214,4,0.0
1738230172,107.086,107.103,0.0,0,1738230172943,134,0.0
1738230173,107.085,107.102,0.0,0,1738230173203,134,0.0
1738230173,107.085,107.101,0.0,0,1738230173347,4,0.0
1738230173,107.085,107.102,0.0,0,1738230173549,4,0.0
1738230173,107.085,107.101,0.0,0,1738230173861,4,0.0
1738230173,107.085,107.102,0.0,0,1738230173952,4,0.0
1738230175,107.086,107.103,0.0,0,1738230175568,134,0.0
1738230176,107.089,107.105,0.0,0,1738230176175,134,0.0
1738230177,107.088,107.105,0.0,0,1738230177821,130,0.0
1738230178,107.089,107.105,0.0,0,1738230178195,130,0.0
1738230178,107.09,107.107,0.0,0,1738230178482,134,0.0
1738230180,107.09,107.107,0.0,0,1738230180133,130,0.0
1738230180,107.09,107.106,0.0,0,1738230180214,4,0.0
1738230180,107.09,107.107,0.0,0,1738230180618,4,0.0
1738230181,107.1,107.116,0.0,0,1738230181124,134,0.0
1738230181,107.099,107.116,0.0,0,1738230181225,130,0.0
1738230181,107.099,107.115,0.0,0,1738230181452,4,0.0
1738230181,107.098,107.114,0.0,0,1738230181626,134,0.0
1738230181,107.097,107.114,0.0,0,1738230181830,130,0.0
1738230182,107.097,107.115,0.0,0,1738230182114,4,0.0
1738230183,107.097,107.114,0.0,0,1738230183104,4,0.0
1738230184,107.098,107.114,0.0,0,1738230184754,130,0.0
1738230185,107.097,107.114,0.0,0,1738230185466,130,0.0
1738230186,107.098,107.114,0.0,0,1738230186076,130,0.0
1738230187,107.099,107.116,0.0,0,1738230187724,134,0.0
1738230189,107.099,107.115,0.0,0,1738230189098,4,0.0
1738230191,107.098,107.114,0.0,0,1738230191118,134,0.0
1738230192,107.099,107.115,0.0,0,1738230192733,134,0.0
1738230194,107.099,107.114,0.0,0,1738230194983,4,0.0
1738230195,107.104,107.119,0.0,0,1738230195977,134,0.0
1738230196,107.103,107.118,0.0,0,1738230196302,134,0.0
1738230197,107.102,107.119,0.0,0,1738230197293,134,0.0
1738230197,107.103,107.12,0.0,0,1738230197382,134,0.0
1738230197,107.102,107.119,0.0,0,1738230197622,134,0.0
1738230198,107.1,107.116,0.0,0,1738230198283,134,0.0
1738230198,107.099,107.115,0.0,0,1738230198613,134,0.0
1738230200,107.1,107.115,0.0,0,1738230200265,130,0.0
1738230200,107.096,107.112,0.0,0,1738230200412,134,0.0
1738230200,107.095,107.111,0.0,0,1738230200617,134,0.0
1738230201,107.101,107.117,0.0,0,1738230201254,134,0.0
1738230201,107.1,107.116,0.0,0,1738230201628,134,0.0
1738230201,107.1,107.115,0.0,0,1738230201913,4,0.0
1738230202,107.1,107.116,0.0,0,1738230202242,4,0.0
1738230202,107.099,107.115,0.0,0,1738230202634,134,0.0
1738230202,107.1,107.116,0.0,0,1738230202903,134,0.0
1738230203,107.1,107.117,0.0,0,1738230203562,4,0.0
1738230204,107.1,107.116,0.0,0,1738230204051,4,0.0
1738230205,107.097,107.113,0.0,0,1738230205669,134,0.0
1738230205,107.095,107.11,0.0,0,1738230205868,134,0.0
1738230206,107.094,107.11,0.0,0,1738230206200,130,0.0
1738230207,107.095,107.111,0.0,0,1738230207281,134,0.0
1738230207,107.094,107.11,0.0,0,1738230207523,134,0.0
1738230207,107.095,107.111,0.0,0,1738230207689,134,0.0
1738230207,107.094,107.11,0.0,0,1738230207892,134,0.0
1738230209,107.095,107.111,0.0,0,1738230209172,134,0.0
1738230209,107.094,107.11,0.0,0,1738230209830,134,0.0
1738230210,107.093,107.11,0.0,0,1738230210919,130,0.0
1738230211,107.094,107.11,0.0,0,1738230211813,130,0.0
1738230211,107.093,107.11,0.0,0,1738230211929,130,0.0
1738230212,107.094,107.11,0.0,0,1738230212143,130,0.0
1738230213,107.093,107.109,0.0,0,1738230213793,134,0.0
1738230213,107.094,107.11,0.0,0,1738230213956,134,0.0
1738230214,107.095,107.11,0.0,0,1738230214155,130,0.0
1738230214,107.094,107.109,0.0,0,1738230214452,134,0.0
1738230214,107.096,107.111,0.0,0,1738230214564,134,0.0
1738230214,107.097,107.111,0.0,0,1738230214782,130,0.0
1738230214,107.096,107.111,0.0,0,1738230214962,130,0.0
1738230215,107.096,107.112,0.0,0,1738230215163,4,0.0
1738230215,107.097,107.113,0.0,0,1738230215970,134,0.0
1738230216,107.097,107.114,0.0,0,1738230216172,4,0.0
1738230218,107.098,107.114,0.0,0,1738230218198,130,0.0
1738230220,107.097,107.114,0.0,0,1738230220217,130,0.0
1738230221,107.098,107.114,0.0,0,1738230221227,130,0.0
1738230222,107.097,107.113,0.0,0,1738230222703,134,0.0
1738230223,107.098,107.114,0.0,0,1738230223449,134,0.0
1738230223,107.099,107.114,0.0,0,1738230223854,130,0.0
1738230224,107.098,107.114,0.0,0,1738230224352,130,0.0
1738230225,107.099,107.114,0.0,0,1738230225468,130,0.0
1738230229,107.099,107.113,0.0,0,1738230229107,4,0.0
1738230229,107.092,107.107,0.0,0,1738230229633,134,0.0
1738230229,107.091,107.105,0.0,0,1738230229713,134,0.0
1738230230,107.09,107.106,0.0,0,1738230230120,134,0.0
1738230231,107.097,107.113,0.0,0,1738230231336,134,0.0
1738230231,107.099,107.115,0.0,0,1738230231613,134,0.0
1738230231,107.098,107.114,0.0,0,1738230231733,134,0.0
1738230231,107.099,107.114,0.0,0,1738230231941,130,0.0
1738230232,107.097,107.114,0.0,0,1738230232135,130,0.0
1738230232,107.099,107.116,0.0,0,1738230232604,134,0.0
1738230233,107.098,107.115,0.0,0,1738230233262,134,0.0
1738230233,107.099,107.116,0.0,0,1738230233347,134,0.0
1738230233,107.098,107.115,0.0,0,1738230233592,134,0.0
1738230233,107.099,107.116,0.0,0,1738230233752,134,0.0
1738230237,107.102,107.119,0.0,0,1738230237989,134,0.0
1738230238,107.101,107.119,0.0,0,1738230238213,130,0.0
1738230238,107.102,107.119,0.0,0,1738230238395,130,0.0
1738230239,107.103,107.119,0.0,0,1738230239202,130,0.0
1738230239,107.102,107.119,0.0,0,1738230239603,130,0.0
1738230240,107.102,107.119,0.0,0,1738230240010,130,0.0
1738230240,107.106,107.122,0.0,0,1738230240616,134,0.0
1738230241,107.105,107.122,0.0,0,1738230241017,130,0.0
1738230241,107.106,107.122,0.0,0,1738230241842,130,0.0
1738230242,107.107,107.123,0.0,0,1738230242229,134,0.0
1738230242,107.109,107.125,0.0,0,1738230242636,134,0.0
1738230242,107.11,107.127,0.0,0,1738230242837,134,0.0
1738230243,107.11,107.126,0.0,0,1738230243162,4,0.0
1738230243,107.11,107.127,0.0,0,1738230243241,4,0.0
1738230243,107.11,107.126,0.0,0,1738230243492,4,0.0
1738230243,107.109,107.125,0.0,0,1738230243847,134,0.0
1738230244,107.11,107.126,0.0,0,1738230244153,134,0.0
1738230244,107.11,107.127,0.0,0,1738230244250,4,0.0
1738230244,107.11,107.126,0.0,0,1738230244655,4,0.0
1738230249,107.112,107.128,0.0,0,1738230249433,134,0.0
1738230249,107.111,107.127,0.0,0,1738230249506,134,0.0
1738230250,107.11,107.126,0.0,0,1738230250517,134,0.0
1738230251,107.111,107.127,0.0,0,1738230251524,134,0.0
1738230251,107.112,107.128,0.0,0,1738230251742,134,0.0
1738230253,107.113,107.128,0.0,0,1738230253141,130,0.0
1738230253,107.112,107.128,0.0,0,1738230253393,130,0.0
1738230254,107.113,107.128,0.0,0,1738230254053,130,0.0
1738230254,107.112,107.128,0.0,0,1738230254152,130,0.0
1738230254,107.123,107.139,0.0,0,1738230254383,134,0.0
1738230254,107.121,107.137,0.0,0,1738230254557,134,0.0
1738230255,107.12,107.137,0.0,0,1738230255159,130,0.0
1738230255,107.119,107.137,0.0,0,1738230255766,130,0.0
1738230256,107.12,107.137,0.0,0,1738230256032,130,0.0
1738230256,107.119,107.137,0.0,0,1738230256372,130,0.0
1738230257,107.12,107.137,0.0,0,1738230257182,130,0.0
1738230258,107.119,107.136,0.0,0,1738230258015,134,0.0
1738230258,107.119,107.137,0.0,0,1738230258193,4,0.0
1738230258,107.123,107.14,0.0,0,1738230258797,134,0.0
1738230259,107.126,107.143,0.0,0,1738230259402,134,0.0
1738230261,107.12,107.137,0.0,0,1738230261642,134,0.0
1738230262,107.119,107.137,0.0,0,1738230262028,130,0.0
1738230262,107.118,107.136,0.0,0,1738230262302,134,0.0
1738230262,107.119,107.137,0.0,0,1738230262435,134,0.0
1738230263,107.122,107.139,0.0,0,1738230263951,134,0.0
1738230264,107.122,107.14,0.0,0,1738230264049,4,0.0
1738230264,107.121,107.139,0.0,0,1738230264660,134,0.0
1738230265,107.125,107.143,0.0,0,1738230265464,134,0.0
1738230266,107.126,107.143,0.0,0,1738230266592,130,0.0
1738230267,107.125,107.143,0.0,0,1738230267911,130,0.0
1738230268,107.126,107.143,0.0,0,1738230268092,130,0.0
1738230269,107.126,107.144,0.0,0,1738230269561,4,0.0
1738230269,107.127,107.145,0.0,0,1738230269907,134,0.0
1738230270,107.127,107.144,0.0,0,1738230270222,4,0.0
1738230270,107.126,107.143,0.0,0,1738230270312,134,0.0
1738230270,107.126,107.144,0.0,0,1738230270552,4,0.0
1738230270,107.127,107.144,0.0,0,1738230270714,130,0.0
1738230271,107.126,107.143,0.0,0,1738230271217,134,0.0
1738230272,107.126,107.144,0.0,0,1738230272203,4,0.0
1738230272,107.126,107.143,0.0,0,1738230272534,4,0.0
1738230272,107.126,107.144,0.0,0,1738230272937,4,0.0
1738230274,107.126,107.143,0.0,0,1738230274555,4,0.0
1738230274,107.126,107.144,0.0,0,1738230274842,4,0.0
1738230275,107.126,107.143,0.0,0,1738230275173,4,0.0
1738230276,107.127,107.144,0.0,0,1738230276491,134,0.0
1738230276,107.127,107.143,0.0,0,1738230276574,4,0.0
1738230276,107.128,107.145,0.0,0,1738230276821,134,0.0
1738230276,107.128,107.144,0.0,0,1738230276978,4,0.0
1738230277,107.128,107.145,0.0,0,1738230277179,4,0.0
1738230277,107.128,107.144,0.0,0,1738230277584,4,0.0
1738230277,107.128,107.145,0.0,0,1738230277811,4,0.0
1738230278,107.128,107.144,0.0,0,1738230278592,4,0.0
1738230278,107.128,107.145,0.0,0,1738230278802,4,0.0
1738230279,107.126,107.143,0.0,0,1738230279461,134,0.0
1738230280,107.127,107.143,0.0,0,1738230280212,130,0.0
1738230280,107.128,107.143,0.0,0,1738230280456,130,0.0
1738230280,107.127,107.143,0.0,0,1738230280614,130,0.0
1738230281,107.128,107.144,0.0,0,1738230281440,134,0.0
1738230282,107.129,107.144,0.0,0,1738230282101,130,0.0
1738230282,107.128,107.143,0.0,0,1738230282228,134,0.0
1738230283,107.129,107.144,0.0,0,1738230283091,134,0.0
1738230284,107.13,107.145,0.0,0,1738230284740,134,0.0
1738230285,107.132,107.149,0.0,0,1738230285073,134,0.0
1738230285,107.137,107.153,0.0,0,1738230285262,134,0.0
1738230285,107.137,107.152,0.0,0,1738230285461,4,0.0
1738230285,107.138,107.154,0.0,0,1738230285732,134,0.0
1738230285,107.138,107.153,0.0,0,1738230285868,4,0.0
1738230286,107.137,107.155,0.0,0,1738230286065,134,0.0
1738230286,107.135,107.153,0.0,0,1738230286875,134,0.0
1738230287,107.136,107.154,0.0,0,1738230287379,134,0.0
1738230290,107.136,107.153,0.0,0,1738230290110,4,0.0
1738230290,107.137,107.154,0.0,0,1738230290352,134,0.0
1738230290,107.135,107.152,0.0,0,1738230290718,134,0.0
1738230291,107.136,107.153,0.0,0,1738230291341,134,0.0
1738230292,107.135,107.153,0.0,0,1738230292334,130,0.0
1738230293,107.136,107.153,0.0,0,1738230293145,130,0.0
1738230293,107.137,107.154,0.0,0,1738230293342,134,0.0
1738230293,107.136,107.153,0.0,0,1738230293744,134,0.0
1738230293,107.137,107.154,0.0,0,1738230293981,134,0.0
1738230295,107.136,107.153,0.0,0,1738230295158,134,0.0
1738230295,107.136,107.152,0.0,0,1738230295632,4,0.0
1738230295,107.135,107.152,0.0,0,1738230295769,130,0.0
1738230297,107.135,107.151,0.0,0,1738230297282,4,0.0
1738230297,107.135,107.152,0.0,0,1738230297382,4,0.0
1738230297,107.136,107.152,0.0,0,1738230297990,130,0.0
1738230298,107.135,107.152,0.0,0,1738230298270,130,0.0
1738230299,107.136,107.153,0.0,0,1738230299000,134,0.0
1738230299,107.135,107.152,0.0,0,1738230299262,134,0.0
1738230300,107.135,107.152,0.0,0,1738230300016,130,0.0
1738230301,107.136,107.152,0.0,0,1738230301242,130,0.0
1738230302,107.137,107.152,0.0,0,1738230302031,130,0.0
1738230304,107.136,107.151,0.0,0,1738230304654,134,0.0
1738230306,107.131,107.146,0.0,0,1738230306883,134,0.0
1738230307,107.13,107.145,0.0,0,1738230307890,134,0.0
1738230308,107.13,107.146,0.0,0,1738230308171,4,0.0
1738230308,107.131,107.146,0.0,0,1738230308297,130,0.0
1738230308,107.13,107.146,0.0,0,1738230308898,130,0.0
1738230309,107.131,107.149,0.0,0,1738230309163,134,0.0
1738230309,107.13,107.148,0.0,0,1738230309299,134,0.0
1738230309,107.128,107.146,0.0,0,1738230309502,134,0.0
1738230310,107.129,107.147,0.0,0,1738230310513,134,0.0
1738230310,107.13,107.148,0.0,0,1738230310812,134,0.0
1738230312,107.129,107.147,0.0,0,1738230312128,134,0.0
1738230314,107.13,107.147,0.0,0,1738230314157,130,0.0
1738230314,107.128,107.146,0.0,0,1738230314958,134,0.0
1738230315,107.128,107.145,0.0,0,1738230315162,4,0.0
1738230315,107.127,107.144,0.0,0,1738230315432,134,0.0
1738230315,107.126,107.144,0.0,0,1738230315566,130,0.0
1738230315,107.128,107.145,0.0,0,1738230315769,134,0.0
1738230316,107.129,107.146,0.0,0,1738230316779,134,0.0
1738230317,107.128,107.146,0.0,0,1738230317182,130,0.0
1738230317,107.138,107.155,0.0,0,1738230317789,134,0.0
1738230318,107.137,107.154,0.0,0,1738230318071,134,0.0
1738230318,107.137,107.155,0.0,0,1738230318403,4,0.0
1738230318,107.137,107.154,0.0,0,1738230318599,4,0.0
1738230318,107.138,107.155,0.0,0,1738230318799,134,0.0
1738230319,107.137,107.156,0.0,0,1738230319205,134,0.0
1738230320,107.139,107.157,0.0,0,1738230320422,134,0.0
1738230320,107.137,107.156,0.0,0,1738230320712,134,0.0
1738230321,107.138,107.156,0.0,0,1738230321231,130,0.0
1738230321,107.136,107.155,0.0,0,1738230321435,134,0.0
1738230322,107.138,107.156,0.0,0,1738230322691,134,0.0
1738230323,107.142,107.16,0.0,0,1738230323050,134,0.0
1738230323,107.14,107.158,0.0,0,1738230323351,134,0.0
1738230323,107.143,107.161,0.0,0,1738230323453,134,0.0
1738230324,107.144,107.163,0.0,0,1738230324868,134,0.0
1738230325,107.145,107.163,0.0,0,1738230325331,130,0.0
1738230325,107.145,107.164,0.0,0,1738230325475,4,0.0
1738230325,107.145,107.163,0.0,0,1738230325991,4,0.0
1738230326,107.145,107.164,0.0,0,1738230326981,4,0.0
1738230327,107.145,107.163,0.0,0,1738230327091,4,0.0
1738230327,107.147,107.166,0.0,0,1738230327311,134,0.0
1738230327,107.145,107.164,0.0,0,1738230327493,134,0.0
1738230327,107.145,107.163,0.0,0,1738230327691,4,0.0
1738230328,107.141,107.159,0.0,0,1738230328301,134,0.0
1738230328,107.14,107.158,0.0,0,1738230328630,134,0.0
1738230333,107.139,107.158,0.0,0,1738230333252,130,0.0
1738230333,107.141,107.159,0.0,0,1738230333581,134,0.0
1738230334,107.141,107.16,0.0,0,1738230334363,4,0.0
1738230334,107.141,107.159,0.0,0,1738230334970,4,0.0
1738230335,107.14,107.158,0.0,0,1738230335232,134,0.0
1738230336,107.139,107.158,0.0,0,1738230336224,130,0.0
1738230336,107.14,107.158,0.0,0,1738230336584,130,0.0
1738230336,107.141,107.159,0.0,0,1738230336990,134,0.0
1738230339,107.14,107.158,0.0,0,1738230339214,134,0.0
1738230339,107.141,107.158,0.0,0,1738230339520,130,0.0
1738230341,107.138,107.156,0.0,0,1738230341033,134,0.0
1738230342,107.139,107.157,0.0,0,1738230342651,134,0.0
1738230343,107.139,107.156,0.0,0,1738230343153,4,0.0
1738230343,107.142,107.159,0.0,0,1738230343481,134,0.0
1738230343,107.144,107.161,0.0,0,1738230343659,134,0.0
1738230343,107.142,107.16,0.0,0,1738230343860,134,0.0
1738230344,107.142,107.159,0.0,0,1738230344264,4,0.0
1738230345,107.142,107.16,0.0,0,1738230345132,4,0.0
1738230345,107.144,107.162,0.0,0,1738230345276,134,0.0
1738230346,107.142,107.16,0.0,0,1738230346782,134,0.0
1738230348,107.142,107.159,0.0,0,1738230348505,4,0.0
1738230348,107.14,107.158,0.0,0,1738230348763,134,0.0
1738230349,107.14,107.157,0.0,0,1738230349110,4,0.0
1738230349,107.138,107.155,0.0,0,1738230349517,134,0.0
1738230349,107.138,107.156,0.0,0,1738230349918,4,0.0
1738230350,107.138,107.155,0.0,0,1738230350417,4,0.0
1738230350,107.139,107.157,0.0,0,1738230350524,134,0.0
1738230350,107.138,107.156,0.0,0,1738230350741,134,0.0
1738230351,107.144,107.162,0.0,0,1738230351536,134,0.0
1738230351,107.144,107.163,0.0,0,1738230351738,4,0.0
1738230352,107.144,107.162,0.0,0,1738230352060,4,0.0
1738230352,107.142,107.16,0.0,0,1738230352144,134,0.0
1738230356,107.143,107.161,0.0,0,1738230356025,134,0.0
1738230356,107.142,107.16,0.0,0,1738230356683,134,0.0
1738230357,107.14,107.157,0.0,0,1738230357669,134,0.0
1738230359,107.139,107.157,0.0,0,1738230359821,130,0.0
1738230360,107.138,107.156,0.0,0,1738230360023,134,0.0
1738230360,107.142,107.16,0.0,0,1738230360425,134,0.0
1738230360,107.144,107.162,0.0,0,1738230360642,134,0.0
1738230361,107.154,107.171,0.0,0,1738230361300,134,0.0
1738230361,107.155,107.173,0.0,0,1738230361435,134,0.0
1738230361,107.154,107.172,0.0,0,1738230361635,134,0.0
1738230361,107.155,107.173,0.0,0,1738230361961,134,0.0
1738230362,107.153,107.172,0.0,0,1738230362058,134,0.0
1738230362,107.153,107.171,0.0,0,1738230362446,4,0.0
1738230362,107.153,107.172,0.0,0,1738230362948,4,0.0
1738230363,107.153,107.171,0.0,0,1738230363050,4,0.0
1738230364,107.153,107.172,0.0,0,1738230364063,4,0.0
1738230365,107.154,107.172,0.0,0,1738230365276,130,0.0
1738230365,107.156,107.174,0.0,0,1738230365679,134,0.0
1738230365,107.154,107.173,0.0,0,1738230365923,134,0.0
1738230366,107.159,107.178,0.0,0,1738230366085,134,0.0
1738230366,107.159,107.179,0.0,0,1738230366693,4,0.0
1738230366,107.16,107.179,0.0,0,1738230366911,130,0.0
1738230367,107.159,107.178,0.0,0,1738230367703,134,0.0
1738230367,107.16,107.179,0.0,0,1738230367901,134,0.0
1738230368,107.164,107.182,0.0,0,1738230368231,134,0.0
1738230368,107.162,107.181,0.0,0,1738230368561,134,0.0
1738230368,107.161,107.181,0.0,0,1738230368711,130,0.0
1738230368,107.162,107.181,0.0,0,1738230368914,130,0.0
1738230369,107.161,107.18,0.0,0,1738230369318,134,0.0
1738230370,107.16,107.179,0.0,0,1738230370733,134,0.0
1738230371,107.159,107.177,0.0,0,1738230371337,134,0.0
1738230371,107.158,107.177,0.0,0,1738230371540,130,0.0
1738230373,107.159,107.178,0.0,0,1738230373358,134,0.0
1738230374,107.16,107.179,0.0,0,1738230374830,134,0.0
1738230374,107.159,107.177,0.0,0,1738230374973,134,0.0
1738230376,107.159,107.178,0.0,0,1738230376994,4,0.0
1738230377,107.159,107.177,0.0,0,1738230377195,4,0.0
1738230377,107.159,107.178,0.0,0,1738230377470,4,0.0
1738230377,107.159,107.177,0.0,0,1738230377600,4,0.0
1738230378,107.159,107.178,0.0,0,1738230378461,4,0.0
1738230378,107.159,107.177,0.0,0,1738230378810,4,0.0
1738230379,107.158,107.177,0.0,0,1738230379215,130,0.0
1738230379,107.159,107.177,0.0,0,1738230379451,130,0.0
1738230381,107.156,107.175,0.0,0,1738230381840,134,0.0
1738230382,107.158,107.177,0.0,0,1738230382092,134,0.0
1738230382,107.157,107.177,0.0,0,1738230382244,130,0.0
1738230382,107.158,107.177,0.0,0,1738230382446,130,0.0
1738230382,107.159,107.177,0.0,0,1738230382848,130,0.0
1738230384,107.158,107.177,0.0,0,1738230384730,130,0.0
1738230385,107.159,107.177,0.0,0,1738230385721,130,0.0
1738230386,107.158,107.177,0.0,0,1738230386483,130,0.0
1738230388,107.159,107.177,0.0,0,1738230388029,130,0.0
1738230388,107.156,107.175,0.0,0,1738230388102,134,0.0
1738230388,107.15,107.168,0.0,0,1738230388364,134,0.0
1738230388,107.151,107.17,0.0,0,1738230388505,134,0.0
1738230389,107.15,107.168,0.0,0,1738230389021,134,0.0
1738230389,107.15,107.169,0.0,0,1738230389110,4,0.0
1738230389,107.15,107.168,0.0,0,1738230389716,4,0.0
1738230390,107.152,107.17,0.0,0,1738230390120,134,0.0
1738230390,107.15,107.169,0.0,0,1738230390340,134,0.0
1738230391,107.152,107.17,0.0,0,1738230391134,134,0.0
1738230391,107.15,107.168,0.0,0,1738230391335,134,0.0
1738230391,107.149,107.168,0.0,0,1738230391660,130,0.0
1738230392,107.148,107.167,0.0,0,1738230392980,134,0.0
1738230393,107.15,107.169,0.0,0,1738230393152,134,0.0
1738230393,107.153,107.172,0.0,0,1738230393426,134,0.0
1738230397,107.154,107.172,0.0,0,1738230397601,130,0.0
1738230398,107.152,107.17,0.0,0,1738230398921,134,0.0
1738230400,107.149,107.167,0.0,0,1738230400240,134,0.0
1738230401,107.148,107.165,0.0,0,1738230401633,134,0.0
1738230402,107.147,107.165,0.0,0,1738230402645,130,0.0
1738230403,107.144,107.162,0.0,0,1738230403541,134,0.0
1738230403,107.145,107.163,0.0,0,1738230403656,134,0.0
1738230404,107.146,107.164,0.0,0,1738230404530,134,0.0
1738230404,107.147,107.165,0.0,0,1738230404667,134,0.0
1738230406,107.146,107.164,0.0,0,1738230406180,134,0.0
1738230407,107.148,107.165,0.0,0,1738230407170,134,0.0
1738230409,107.147,107.165,0.0,0,1738230409810,130,0.0
1738230410,107.147,107.163,0.0,0,1738230410140,4,0.0
1738230410,107.149,107.165,0.0,0,1738230410926,134,0.0
1738230411,107.15,107.166,0.0,0,1738230411534,134,0.0
1738230411,107.15,107.167,0.0,0,1738230411790,4,0.0
1738230412,107.151,107.167,0.0,0,1738230412448,130,0.0
1738230412,107.15,107.167,0.0,0,1738230412546,130,0.0
1738230412,107.151,107.167,0.0,0,1738230412948,130,0.0
1738230413,107.153,107.169,0.0,0,1738230413152,134,0.0
1738230413,107.161,107.178,0.0,0,1738230413440,134,0.0
1738230413,107.161,107.177,0.0,0,1738230413770,4,0.0
1738230414,107.161,107.178,0.0,0,1738230414159,4,0.0
1738230414,107.16,107.177,0.0,0,1738230414766,134,0.0
1738230415,107.158,107.176,0.0,0,1738230415091,134,0.0
1738230415,107.157,107.174,0.0,0,1738230415167,134,0.0
1738230416,107.158,107.175,0.0,0,1738230416081,134,0.0
1738230419,107.156,107.173,0.0,0,1738230419205,134,0.0
1738230420,107.156,107.173,0.0,0,1738230420040,130,0.0
1738230420,107.157,107.174,0.0,0,1738230420419,134,0.0
1738230421,107.156,107.173,0.0,0,1738230421224,134,0.0
1738230424,107.157,107.174,0.0,0,1738230424329,134,0.0
1738230424,107.156,107.173,0.0,0,1738230424457,134,0.0
1738230426,107.157,107.173,0.0,0,1738230426068,130,0.0
1738230426,107.158,107.174,0.0,0,1738230426677,134,0.0
1738230431,107.159,107.175,0.0,0,1738230431317,134,0.0
1738230432,107.159,107.174,0.0,0,1738230432252,4,0.0
1738230433,107.158,107.173,0.0,0,1738230433337,134,0.0
1738230435,107.157,107.172,0.0,0,1738230435361,134,0.0
1738230435,107.156,107.171,0.0,0,1738230435881,134,0.0
1738230436,107.157,107.172,0.0,0,1738230436366,134,0.0
1738230437,107.165,107.18,0.0,0,1738230437579,134,0.0
1738230437,107.164,107.179,0.0,0,1738230437984,134,0.0
1738230438,107.165,107.18,0.0,0,1738230438192,134,0.0
1738230439,107.164,107.18,0.0,0,1738230439597,130,0.0
1738230440,107.165,107.18,0.0,0,1738230440203,130,0.0
1738230442,107.164,107.18,0.0,0,1738230442150,130,0.0
1738230442,107.165,107.18,0.0,0,1738230442479,130,0.0
1738230443,107.165,107.181,0.0,0,1738230443640,4,0.0
1738230444,107.165,107.18,0.0,0,1738230444130,4,0.0
1738230448,107.161,107.176,0.0,0,1738230448287,134,0.0
1738230448,107.162,107.177,0.0,0,1738230448487,134,0.0
1738230449,107.161,107.177,0.0,0,1738230449091,130,0.0
1738230449,107.16,107.176,0.0,0,1738230449904,134,0.0
1738230450,107.163,107.179,0.0,0,1738230450107,134,0.0
1738230450,107.161,107.177,0.0,0,1738230450401,134,0.0
1738230452,107.162,107.177,0.0,0,1738230452121,130,0.0
1738230455,107.162,107.176,0.0,0,1738230455019,4,0.0
1738230456,107.161,107.175,0.0,0,1738230456010,134,0.0
1738230458,107.16,107.174,0.0,0,1738230458650,134,0.0
1738230459,107.159,107.172,0.0,0,1738230459309,134,0.0
1738230459,107.16,107.173,0.0,0,1738230459640,134,0.0
1738230461,107.16,107.174,0.0,0,1738230461012,4,0.0
1738230464,107.16,107.173,0.0,0,1738230464041,4,0.0
1738230464,107.159,107.172,0.0,0,1738230464260,134,0.0
1738230464,107.158,107.172,0.0,0,1738230464446,130,0.0
1738230465,107.155,107.169,0.0,0,1738230465911,134,0.0
1738230466,107.153,107.167,0.0,0,1738230466063,134,0.0
1738230466,107.154,107.168,0.0,0,1738230466263,134,0.0
1738230466,107.156,107.17,0.0,0,1738230466901,134,0.0
1738230467,107.156,107.169,0.0,0,1738230467073,4,0.0
1738230467,107.158,107.171,0.0,0,1738230467275,134,0.0
1738230467,107.157,107.171,0.0,0,1738230467891,130,0.0
1738230468,107.156,107.172,0.0,0,1738230468087,134,0.0
1738230468,107.156,107.171,0.0,0,1738230468286,4,0.0
1738230468,107.157,107.173,0.0,0,1738230468893,134,0.0
1738230470,107.158,107.174,0.0,0,1738230470530,134,0.0
1738230473,107.159,107.174,0.0,0,1738230473170,130,0.0
1738230475,107.158,107.173,0.0,0,1738230475155,134,0.0
1738230476,107.159,107.173,0.0,0,1738230476165,130,0.0
1738230477,107.158,107.172,0.0,0,1738230477459,134,0.0
1738230477,107.159,107.173,0.0,0,1738230477792,134,0.0
1738230480,107.159,107.173,0.0,0,1738230480099,130,0.0
1738230481,107.159,107.172,0.0,0,1738230481217,4,0.0
1738230491,107.159,107.171,0.0,0,1738230491980,4,0.0
1738230492,107.158,107.17,0.0,0,1738230492733,134,0.0
1738230493,107.159,107.171,0.0,0,1738230493336,134,0.0
1738230497,107.159,107.17,0.0,0,1738230497258,4,0.0
1738230497,107.157,107.169,0.0,0,1738230497592,134,0.0
1738230497,107.158,107.169,0.0,0,1738230497781,130,0.0
1738230498,107.144,107.155,0.0,0,1738230498590,134,0.0
1738230498,107.144,107.156,0.0,0,1738230498909,4,0.0
1738230498,107.154,107.165,0.0,0,1738230498992,134,0.0
1738230499,107.151,107.167,0.0,0,1738230499241,134,0.0
1738230500,107.149,107.168,0.0,0,1738230500228,134,0.0
1738230501,107.152,107.17,0.0,0,1738230501221,134,0.0
1738230502,107.151,107.169,0.0,0,1738230502022,134,0.0
1738230502,107.159,107.178,0.0,0,1738230502627,134,0.0
1738230503,107.158,107.176,0.0,0,1738230503859,134,0.0
1738230504,107.158,107.177,0.0,0,1738230504651,4,0.0
1738230505,107.159,107.178,0.0,0,1738230505508,134,0.0
1738230505,107.158,107.177,0.0,0,1738230505862,134,0.0
1738230506,107.156,107.174,0.0,0,1738230506169,134,0.0
1738230506,107.155,107.173,0.0,0,1738230506498,134,0.0
1738230508,107.154,107.173,0.0,0,1738230508488,130,0.0
1738230510,107.155,107.173,0.0,0,1738230510911,130,0.0
1738230511,107.156,107.174,0.0,0,1738230511922,134,0.0
1738230512,107.155,107.173,0.0,0,1738230512439,134,0.0
1738230515,107.154,107.173,0.0,0,1738230515153,130,0.0
1738230515,107.154,107.172,0.0,0,1738230515555,4,0.0
1738230516,107.153,107.171,0.0,0,1738230516068,134,0.0
1738230517,107.154,107.172,0.0,0,1738230517779,134,0.0
1738230518,107.156,107.175,0.0,0,1738230518049,134,0.0
1738230518,107.157,107.176,0.0,0,1738230518709,134,0.0
1738230519,107.156,107.175,0.0,0,1738230519393,134,0.0
1738230522,107.156,107.174,0.0,0,1738230522338,4,0.0
1738230522,107.158,107.176,0.0,0,1738230522424,134,0.0
1738230522,107.157,107.175,0.0,0,1738230522832,134,0.0
1738230523,107.158,107.176,0.0,0,1738230523033,134,0.0
1738230523,107.157,107.175,0.0,0,1738230523839,134,0.0
1738230525,107.158,107.176,0.0,0,1738230525457,134,0.0
1738230526,107.158,107.175,0.0,0,1738230526063,4,0.0
1738230526,107.165,107.182,0.0,0,1738230526299,134,0.0
1738230526,107.169,107.186,0.0,0,1738230526468,134,0.0
1738230526,107.167,107.184,0.0,0,1738230526673,134,0.0
1738230526,107.169,107.186,0.0,0,1738230526959,134,0.0
1738230527,107.169,107.187,0.0,0,1738230527072,4,0.0
1738230527,107.168,107.186,0.0,0,1738230527289,134,0.0
1738230528,107.169,107.187,0.0,0,1738230528939,134,0.0
1738230529,107.168,107.186,0.0,0,1738230529095,134,0.0
1738230529,107.17,107.188,0.0,0,1738230529703,134,0.0
1738230530,107.167,107.185,0.0,0,1738230530104,134,0.0
1738230532,107.165,107.183,0.0,0,1738230532237,134,0.0
1738230532,107.164,107.182,0.0,0,1738230532931,134,0.0
1738230533,107.165,107.183,0.0,0,1738230533228,134,0.0
1738230533,107.163,107.181,0.0,0,1738230533560,134,0.0
1738230533,107.164,107.182,0.0,0,1738230533743,134,0.0
1738230535,107.163,107.18,0.0,0,1738230535209,134,0.0
1738230535,107.163,107.181,0.0,0,1738230535355,4,0.0
1738230536,107.163,107.18,0.0,0,1738230536199,4,0.0
1738230536,107.163,107.181,0.0,0,1738230536366,4,0.0
1738230536,107.161,107.179,0.0,0,1738230536572,134,0.0
1738230536,107.163,107.18,0.0,0,1738230536858,134,0.0
1738230537,107.163,107.181,0.0,0,1738230537187,4,0.0
1738230539,107.164,107.181,0.0,0,1738230539194,130,0.0
1738230540,107.164,107.181,0.0,0,1738230540004,130,0.0
1738230540,107.165,107.182,0.0,0,1738230540206,134,0.0
1738230542,107.166,107.183,0.0,0,1738230542472,134,0.0
1738230542,107.17,107.186,0.0,0,1738230542634,134,0.0
1738230543,107.17,107.187,0.0,0,1738230543129,4,0.0
1738230543,107.169,107.186,0.0,0,1738230543839,134,0.0
1738230544,107.168,107.185,0.0,0,1738230544778,134,0.0
1738230544,107.167,107.184,0.0,0,1738230544851,134,0.0
1738230547,107.167,107.183,0.0,0,1738230547088,4,0.0
1738230548,107.167,107.182,0.0,0,1738230548891,4,0.0
1738230551,107.167,107.183,0.0,0,1738230551115,4,0.0
1738230551,107.167,107.182,0.0,0,1738230551517,4,0.0
1738230552,107.167,107.183,0.0,0,1738230552037,4,0.0
1738230552,107.163,107.179,0.0,0,1738230552729,134,0.0
1738230553,107.166,107.182,0.0,0,1738230553360,134,0.0
1738230553,107.168,107.184,0.0,0,1738230553538,134,0.0
1738230553,107.171,107.186,0.0,0,1738230553740,134,0.0
1738230554,107.169,107.185,0.0,0,1738230554020,134,0.0
1738230554,107.166,107.182,0.0,0,1738230554145,134,0.0
1738230554,107.165,107.181,0.0,0,1738230554351,134,0.0
1738230555,107.163,107.182,0.0,0,1738230555150,134,0.0
1738230555,107.168,107.186,0.0,0,1738230555353,134,0.0
1738230557,107.17,107.189,0.0,0,1738230557171,134,0.0
1738230557,107.17,107.188,0.0,0,1738230557650,4,0.0
1738230558,107.17,107.189,0.0,0,1738230558988,4,0.0
1738230561,107.17,107.188,0.0,0,1738230561413,4,0.0
1738230562,107.169,107.187,0.0,0,1738230562271,134,0.0
1738230563,107.17,107.188,0.0,0,1738230563028,134,0.0
1738230563,107.169,107.187,0.0,0,1738230563263,134,0.0
1738230565,107.172,107.19,0.0,0,1738230565050,134,0.0
1738230565,107.173,107.191,0.0,0,1738230565250,134,0.0
1738230565,107.173,107.19,0.0,0,1738230565569,4,0.0
1738230565,107.177,107.195,0.0,0,1738230565654,134,0.0
1738230565,107.179,107.197,0.0,0,1738230565900,134,0.0
1738230566,107.179,107.198,0.0,0,1738230566059,4,0.0
1738230566,107.179,107.197,0.0,0,1738230566557,4,0.0
1738230566,107.179,107.198,0.0,0,1738230566667,4,0.0
1738230568,107.181,107.199,0.0,0,1738230568282,134,0.0
1738230569,107.18,107.199,0.0,0,1738230569704,130,0.0
1738230570,107.179,107.198,0.0,0,1738230570303,134,0.0
1738230571,107.18,107.199,0.0,0,1738230571314,134,0.0
1738230571,107.179,107.198,0.0,0,1738230571839,134,0.0
1738230572,107.184,107.202,0.0,0,1738230572167,134,0.0
1738230572,107.185,107.204,0.0,0,1738230572326,134,0.0
1738230572,107.186,107.205,0.0,0,1738230572524,134,0.0
1738230573,107.185,107.204,0.0,0,1738230573534,134,0.0
1738230573,107.186,107.205,0.0,0,1738230573819,134,0.0
1738230574,107.187,107.205,0.0,0,1738230574544,130,0.0
1738230574,107.188,107.206,0.0,0,1738230574808,134,0.0
1738230575,107.187,107.205,0.0,0,1738230575147,134,0.0
1738230575,107.188,107.206,0.0,0,1738230575957,134,0.0
1738230576,107.187,107.205,0.0,0,1738230576565,134,0.0
1738230577,107.19,107.209,0.0,0,1738230577170,134,0.0
1738230577,107.191,107.209,0.0,0,1738230577449,130,0.0
1738230577,107.189,107.207,0.0,0,1738230577576,134,0.0
1738230577,107.194,107.212,0.0,0,1738230577778,134,0.0
1738230578,107.193,107.212,0.0,0,1738230578438,130,0.0
1738230578,107.194,107.212,0.0,0,1738230578586,130,0.0
1738230579,107.193,107.212,0.0,0,1738230579096,130,0.0
1738230580,107.19,107.208,0.0,0,1738230580087,134,0.0
1738230581,107.191,107.21,0.0,0,1738230581075,134,0.0
1738230581,107.194,107.212,0.0,0,1738230581412,134,0.0
1738230582,107.193,107.212,0.0,0,1738230582423,130,0.0
1738230583,107.194,107.212,0.0,0,1738230583058,130,0.0
1738230583,107.19,107.208,0.0,0,1738230583835,134,0.0
1738230584,107.195,107.214,0.0,0,1738230584048,134,0.0
1738230584,107.195,107.213,0.0,0,1738230584438,4,0.0
1738230584,107.195,107.214,0.0,0,1738230584844,4,0.0
1738230585,107.196,107.214,0.0,0,1738230585855,130,0.0
1738230586,107.197,107.216,0.0,0,1738230586057,134,0.0
1738230586,107.197,107.215,0.0,0,1738230586687,4,0.0
1738230587,107.197,107.216,0.0,0,1738230587065,4,0.0
1738230587,107.199,107.217,0.0,0,1738230587348,134,0.0
1738230588,107.202,107.22,0.0,0,1738230588478,134,0.0
1738230588,107.199,107.218,0.0,0,1738230588681,134,0.0
1738230589,107.199,107.217,0.0,0,1738230589329,4,0.0
1738230589,107.199,107.218,0.0,0,1738230589690,4,0.0
1738230589,107.198,107.217,0.0,0,1738230589988,134,0.0
1738230590,107.199,107.217,0.0,0,1738230590096,130,0.0
1738230591,107.198,107.217,0.0,0,1738230591309,130,0.0
1738230591,107.197,107.216,0.0,0,1738230591713,134,0.0
1738230591,107.197,107.215,0.0,0,1738230591969,4,0.0
1738230592,107.196,107.214,0.0,0,1738230592116,134,0.0
1738230592,107.197,107.215,0.0,0,1738230592958,134,0.0
1738230593,107.195,107.214,0.0,0,1738230593329,134,0.0
1738230594,107.196,107.214,0.0,0,1738230594943,130,0.0
1738230596,107.194,107.212,0.0,0,1738230596259,134,0.0
1738230596,107.194,107.213,0.0,0,1738230596358,4,0.0
1738230597,107.194,107.212,0.0,0,1738230597367,4,0.0
1738230597,107.194,107.213,0.0,0,1738230597975,4,0.0
1738230598,107.195,107.214,0.0,0,1738230598235,134,0.0
1738230600,107.195,107.214,0.0,0,1738230600218,130,0.0
1738230601,107.196,107.214,0.0,0,1738230601009,130,0.0
1738230601,107.198,107.217,0.0,0,1738230601210,134,0.0
1738230601,107.199,107.217,0.0,0,1738230601539,130,0.0
1738230601,107.198,107.217,0.0,0,1738230601612,130,0.0
1738230601,107.206,107.225,0.0,0,1738230601868,134,0.0
1738230602,107.205,107.223,0.0,0,1738230602018,134,0.0
1738230602,107.203,107.222,0.0,0,1738230602217,134,0.0
1738230602,107.201,107.22,0.0,0,1738230602526,134,0.0
1738230602,107.204,107.222,0.0,0,1738230602859,134,0.0
1738230603,107.198,107.217,0.0,0,1738230603027,134,0.0
1738230603,107.197,107.215,0.0,0,1738230603229,134,0.0
1738230603,107.197,107.216,0.0,0,1738230603517,4,0.0
1738230604,107.197,107.215,0.0,0,1738230604038,4,0.0
1738230604,107.197,107.216,0.0,0,1738230604238,4,0.0
1738230604,107.2,107.219,0.0,0,1738230604845,134,0.0
1738230606,107.198,107.217,0.0,0,1738230606159,134,0.0
1738230606,107.197,107.215,0.0,0,1738230606260,134,0.0
1738230606,107.197,107.216,0.0,0,1738230606487,4,0.0
1738230606,107.197,107.215,0.0,0,1738230606663,4,0.0
1738230608,107.197,107.216,0.0,0,1738230608279,4,0.0
1738230608,107.197,107.215,0.0,0,1738230608481,4,0.0
1738230609,107.196,107.214,0.0,0,1738230609291,134,0.0
1738230609,107.197,107.215,0.0,0,1738230609491,134,0.0
1738230609,107.197,107.216,0.0,0,1738230609788,4,0.0
1738230610,107.197,107.215,0.0,0,1738230610299,4,0.0
1738230611,107.197,107.216,0.0,0,1738230611107,4,0.0
1738230613,107.197,107.215,0.0,0,1738230613531,4,0.0
1738230613,107.193,107.211,0.0,0,1738230613748,134,0.0
1738230614,107.192,107.21,0.0,0,1738230614408,134,0.0
1738230614,107.19,107.209,0.0,0,1738230614540,134,0.0
1738230615,107.189,107.207,0.0,0,1738230615402,134,0.0
1738230615,107.193,107.211,0.0,0,1738230615550,134,0.0
1738230615,107.196,107.215,0.0,0,1738230615752,134,0.0
1738230616,107.198,107.216,0.0,0,1738230616059,134,0.0
1738230616,107.198,107.217,0.0,0,1738230616156,4,0.0
1738230616,107.195,107.214,0.0,0,1738230616560,134,0.0
1738230616,107.196,107.215,0.0,0,1738230616760,134,0.0
1738230617,107.197,107.215,0.0,0,1738230617380,130,0.0
1738230617,107.196,107.215,0.0,0,1738230617570,130,0.0
1738230618,107.195,107.214,0.0,0,1738230618174,134,0.0
1738230618,107.199,107.217,0.0,0,1738230618376,134,0.0
1738230618,107.2,107.219,0.0,0,1738230618697,134,0.0
1738230618,107.2,107.218,0.0,0,1738230618781,4,0.0
1738230619,107.201,107.219,0.0,0,1738230619029,134,0.0
1738230619,107.2,107.219,0.0,0,1738230619186,130,0.0
1738230619,107.2,107.218,0.0,0,1738230619384,4,0.0
1738230619,107.2,107.219,0.0,0,1738230619688,4,0.0
1738230619,107.201,107.22,0.0,0,1738230619790,134,0.0
1738230620,107.202,107.22,0.0,0,1738230620677,130,0.0
1738230621,107.203,107.222,0.0,0,1738230621015,134,0.0
1738230621,107.207,107.226,0.0,0,1738230621212,134,0.0
1738230621,107.205,107.224,0.0,0,1738230621667,134,0.0
1738230622,107.205,107.223,0.0,0,1738230622011,4,0.0
1738230622,107.205,107.224,0.0,0,1738230622329,4,0.0
1738230622,107.205,107.223,0.0,0,1738230622417,4,0.0
1738230622,107.213,107.231,0.0,0,1738230622661,134,0.0
1738230622,107.21,107.229,0.0,0,1738230622822,134,0.0
1738230623,107.212,107.23,0.0,0,1738230623024,134,0.0
1738230623,107.211,107.23,0.0,0,1738230623425,130,0.0
1738230624,107.212,107.23,0.0,0,1738230624433,130,0.0
1738230625,107.213,107.232,0.0,0,1738230625646,134,0.0
1738230626,107.212,107.231,0.0,0,1738230626288,134,0.0
1738230626,107.21,107.229,0.0,0,1738230626454,134,0.0
1738230626,107.21,107.228,0.0,0,1738230626947,4,0.0
1738230627,107.21,107.229,0.0,0,1738230627062,4,0.0
1738230627,107.21,107.228,0.0,0,1738230627277,4,0.0
1738230627,107.21,107.229,0.0,0,1738230627464,4,0.0
1738230627,107.209,107.227,0.0,0,1738230627939,134,0.0
1738230628,107.21,107.229,0.0,0,1738230628072,134,0.0
1738230628,107.203,107.221,0.0,0,1738230628276,134,0.0
1738230628,107.203,107.222,0.0,0,1738230628599,4,0.0
1738230628,107.204,107.223,0.0,0,1738230628677,134,0.0
1738230629,107.207,107.226,0.0,0,1738230629588,134,0.0
1738230630,107.206,107.224,0.0,0,1738230630298,134,0.0
1738230631,107.217,107.235,0.0,0,1738230631568,134,0.0
1738230632,107.217,107.236,0.0,0,1738230632560,4,0.0
1738230632,107.218,107.237,0.0,0,1738230632720,134,0.0
1738230632,107.217,107.235,0.0,0,1738230632922,134,0.0
1738230633,107.217,107.236,0.0,0,1738230633219,4,0.0
1738230633,107.217,107.235,0.0,0,1738230633324,4,0.0
1738230633,107.214,107.232,0.0,0,1738230633551,134,0.0
1738230633,107.216,107.234,0.0,0,1738230633732,134,0.0
1738230634,107.215,107.234,0.0,0,1738230634334,130,0.0
1738230636,107.217,107.235,0.0,0,1738230636849,134,0.0
1738230636,107.215,107.234,0.0,0,1738230636957,134,0.0
1738230637,107.216,107.234,0.0,0,1738230637177,130,0.0
1738230637,107.215,107.234,0.0,0,1738230637838,130,0.0
1738230638,107.216,107.235,0.0,0,1738230638828,134,0.0
1738230639,107.217,107.236,0.0,0,1738230639179,134,0.0
1738230640,107.218,107.237,0.0,0,1738230640190,134,0.0
1738230642,107.217,107.236,0.0,0,1738230642126,134,0.0
1738230642,107.217,107.235,0.0,0,1738230642210,4,0.0
1738230642,107.216,107.235,0.0,0,1738230642815,130,0.0
1738230644,107.214,107.232,0.0,0,1738230644106,134,0.0
1738230644,107.215,107.234,0.0,0,1738230644227,134,0.0
1738230644,107.216,107.235,0.0,0,1738230644437,134,0.0
1738230644,107.212,107.23,0.0,0,1738230644636,134,0.0
1738230645,107.213,107.232,0.0,0,1738230645095,134,0.0
1738230645,107.213,107.231,0.0,0,1738230645239,4,0.0
1738230647,107.222,107.241,0.0,0,1738230647737,134,0.0
1738230649,107.222,107.24,0.0,0,1738230649890,4,0.0
1738230650,107.221,107.239,0.0,0,1738230650496,134,0.0
1738230652,107.22,107.239,0.0,0,1738230652026,130,0.0
1738230652,107.221,107.239,0.0,0,1738230652113,130,0.0
1738230652,107.22,107.239,0.0,0,1738230652358,130,0.0
1738230653,107.219,107.238,0.0,0,1738230653016,134,0.0
1738230653,107.22,107.239,0.0,0,1738230653124,134,0.0
1738230653,107.219,107.238,0.0,0,1738230653528,134,0.0
1738230654,107.219,107.237,0.0,0,1738230654007,4,0.0
1738230657,107.219,107.238,0.0,0,1738230657635,4,0.0
1738230658,107.212,107.231,0.0,0,1738230658782,134,0.0
1738230658,107.209,107.228,0.0,0,1738230658986,134,0.0
1738230659,107.21,107.228,0.0,0,1738230659791,130,0.0
1738230660,107.209,107.228,0.0,0,1738230660278,130,0.0
1738230660,107.213,107.231,0.0,0,1738230660404,134,0.0
1738230660,107.212,107.231,0.0,0,1738230660611,130,0.0
1738230660,107.212,107.23,0.0,0,1738230660803,4,0.0
1738230661,107.213,107.231,0.0,0,1738230661004,134,0.0
1738230661,107.216,107.235,0.0,0,1738230661411,134,0.0
1738230661,107.215,107.234,0.0,0,1738230661927,134,0.0
1738230663,107.216,107.235,0.0,0,1738230663247,134,0.0
1738230663,107.215,107.234,0.0,0,1738230663432,134,0.0
1738230664,107.216,107.235,0.0,0,1738230664647,134,0.0
1738230670,107.217,107.235,0.0,0,1738230670837,130,0.0
1738230670,107.216,107.235,0.0,0,1738230670916,130,0.0
1738230672,107.215,107.234,0.0,0,1738230672333,134,0.0
1738230674,107.216,107.235,0.0,0,1738230674797,134,0.0
1738230675,107.219,107.238,0.0,0,1738230675569,134,0.0
1738230675,107.22,107.238,0.0,0,1738230675789,130,0.0
1738230676,107.219,107.238,0.0,0,1738230676173,130,0.0
1738230676,107.219,107.237,0.0,0,1738230676578,4,0.0
1738230678,107.221,107.24,0.0,0,1738230678799,134,0.0
1738230679,107.222,107.241,0.0,0,1738230679418,134,0.0
1738230679,107.221,107.24,0.0,0,1738230679609,134,0.0
1738230680,107.222,107.241,0.0,0,1738230680737,134,0.0
1738230681,107.22,107.238,0.0,0,1738230681222,134,0.0
1738230681,107.221,107.24,0.0,0,1738230681727,134,0.0
1738230682,107.221,107.239,0.0,0,1738230682232,4,0.0
1738230682,107.221,107.24,0.0,0,1738230682840,4,0.0
1738230683,107.221,107.239,0.0,0,1738230683709,4,0.0
1738230686,107.22,107.238,0.0,0,1738230686477,134,0.0
1738230687,107.225,107.243,0.0,0,1738230687007,134,0.0
1738230688,107.224,107.242,0.0,0,1738230688503,134,0.0
1738230688,107.222,107.24,0.0,0,1738230688703,134,0.0
1738230688,107.219,107.237,0.0,0,1738230688989,134,0.0
1738230689,107.22,107.238,0.0,0,1738230689106,134,0.0
1738230689,107.22,107.239,0.0,0,1738230689318,4,0.0
1738230689,107.221,107.239,0.0,0,1738230689713,130,0.0
1738230690,107.22,107.239,0.0,0,1738230690119,130,0.0
1738230690,107.221,107.239,0.0,0,1738230690322,130,0.0
1738230691,107.221,107.24,0.0,0,1738230691127,4,0.0
1738230692,107.221,107.239,0.0,0,1738230692138,4,0.0
1738230693,107.22,107.238,0.0,0,1738230693277,134,0.0
1738230694,107.221,107.239,0.0,0,1738230694765,134,0.0
1738230698,107.219,107.237,0.0,0,1738230698402,134,0.0
1738230698,107.223,107.241,0.0,0,1738230698603,134,0.0
1738230698,107.222,107.24,0.0,0,1738230698888,134,0.0
1738230699,107.223,107.241,0.0,0,1738230699876,134,0.0
1738230700,107.222,107.24,0.0,0,1738230700018,134,0.0
1738230700,107.221,107.239,0.0,0,1738230700537,134,0.0
1738230700,107.222,107.24,0.0,0,1738230700624,134,0.0
1738230700,107.221,107.239,0.0,0,1738230700871,134,0.0
1738230702,107.222,107.239,0.0,0,1738230702039,130,0.0
1738230702,107.225,107.242,0.0,0,1738230702647,134,0.0
1738230702,107.227,107.244,0.0,0,1738230702849,134,0.0
1738230703,107.228,107.245,0.0,0,1738230703176,134,0.0
1738230703,107.226,107.244,0.0,0,1738230703511,134,0.0
1738230703,107.227,107.245,0.0,0,1738230703657,134,0.0
1738230704,107.229,107.247,0.0,0,1738230704265,134,0.0
1738230704,107.23,107.248,0.0,0,1738230704497,134,0.0
1738230704,107.229,107.247,0.0,0,1738230704871,134,0.0
1738230705,107.231,107.249,0.0,0,1738230705880,134,0.0
1738230707,107.23,107.248,0.0,0,1738230707494,134,0.0
1738230708,107.233,107.251,0.0,0,1738230708502,134,0.0
1738230708,107.233,107.25,0.0,0,1738230708787,4,0.0
1738230708,107.233,107.251,0.0,0,1738230708906,4,0.0
1738230709,107.234,107.25,0.0,0,1738230709116,134,0.0
1738230709,107.235,107.251,0.0,0,1738230709313,134,0.0
1738230709,107.231,107.247,0.0,0,1738230709918,134,0.0
1738230710,107.231,107.248,0.0,0,1738230710435,4,0.0
1738230710,107.232,107.248,0.0,0,1738230710925,130,0.0
1738230711,107.231,107.248,0.0,0,1738230711128,130,0.0
1738230711,107.23,107.247,0.0,0,1738230711426,134,0.0
1738230711,107.231,107.248,0.0,0,1738230711534,134,0.0
1738230712,107.232,107.248,0.0,0,1738230712538,130,0.0
1738230713,107.231,107.248,0.0,0,1738230713145,130,0.0
1738230714,107.235,107.251,0.0,0,1738230714066,134,0.0
1738230714,107.235,107.252,0.0,0,1738230714155,4,0.0
1738230714,107.228,107.244,0.0,0,1738230714764,134,0.0
1738230715,107.227,107.244,0.0,0,1738230715164,130,0.0
1738230716,107.228,107.244,0.0,0,1738230716048,130,0.0
1738230716,107.217,107.234,0.0,0,1738230716174,134,0.0
1738230716,107.218,107.235,0.0,0,1738230716376,134,0.0
1738230716,107.22,107.237,0.0,0,1738230716706,134,0.0
1738230717,107.22,107.238,0.0,0,1738230717184,4,0.0
1738230717,107.214,107.233,0.0,0,1738230717386,134,0.0
1738230717,107.22,107.238,0.0,0,1738230717696,134,0.0
1738230719,107.22,107.239,0.0,0,1738230719201,4,0.0
1738230720,107.22,107.239,0.0,0,1738230720012,130,0.0
1738230720,107.219,107.237,0.0,0,1738230720414,134,0.0
1738230721,107.22,107.238,0.0,0,1738230721018,134,0.0
1738230721,107.219,107.237,0.0,0,1738230721656,134,0.0
1738230722,107.22,107.238,0.0,0,1738230722315,134,0.0
1738230724,107.214,107.232,0.0,0,1738230724297,134,0.0
1738230725,107.215,107.233,0.0,0,1738230725947,134,0.0
1738230726,107.218,107.237,0.0,0,1738230726076,134,0.0
1738230727,107.219,107.237,0.0,0,1738230727688,130,0.0
1738230729,107.217,107.236,0.0,0,1738230729302,134,0.0
1738230729,107.218,107.237,0.0,0,1738230729912,134,0.0
1738230730,107.217,107.236,0.0,0,1738230730237,134,0.0
1738230731,107.217,107.235,0.0,0,1738230731557,4,0.0
1738230732,107.216,107.235,0.0,0,1738230732547,130,0.0
1738230732,107.217,107.235,0.0,0,1738230732739,130,0.0
1738230732,107.216,107.235,0.0,0,1738230732940,130,0.0
1738230733,107.216,107.234,0.0,0,1738230733204,4,0.0
1738230734,107.215,107.233,0.0,0,1738230734961,134,0.0
1738230737,107.214,107.232,0.0,0,1738230737185,134,0.0
1738230738,107.215,107.232,0.0,0,1738230738195,130,0.0
1738230739,107.216,107.233,0.0,0,1738230739204,134,0.0
1738230739,107.217,107.234,0.0,0,1738230739478,134,0.0
1738230739,107.218,107.235,0.0,0,1738230739606,134,0.0
1738230740,107.216,107.234,0.0,0,1738230740211,134,0.0
1738230741,107.215,107.233,0.0,0,1738230741221,134,0.0
1738230741,107.217,107.235,0.0,0,1738230741629,134,0.0
1738230741,107.216,107.234,0.0,0,1738230741829,134,0.0
1738230742,107.217,107.234,0.0,0,1738230742116,130,0.0
1738230742,107.218,107.235,0.0,0,1738230742641,134,0.0
1738230742,107.217,107.234,0.0,0,1738230742842,134,0.0
1738230744,107.218,107.235,0.0,0,1738230744756,134,0.0
1738230745,107.22,107.237,0.0,0,1738230745265,134,0.0
1738230746,107.218,107.235,0.0,0,1738230746483,134,0.0
1738230746,107.217,107.234,0.0,0,1738230746884,134,0.0
1738230747,107.217,107.233,0.0,0,1738230747083,4,0.0
1738230747,107.222,107.238,0.0,0,1738230747490,134,0.0
1738230748,107.222,107.239,0.0,0,1738230748093,4,0.0
1738230748,107.225,107.241,0.0,0,1738230748386,134,0.0
1738230749,107.224,107.241,0.0,0,1738230749107,130,0.0
1738230752,107.223,107.24,0.0,0,1738230752016,134,0.0
1738230752,107.22,107.237,0.0,0,1738230752538,134,0.0
1738230753,107.216,107.233,0.0,0,1738230753006,134,0.0
1738230757,107.216,107.232,0.0,0,1738230757299,4,0.0
1738230757,107.217,107.233,0.0,0,1738230757385,134,0.0
1738230757,107.22,107.236,0.0,0,1738230757629,134,0.0
1738230757,107.221,107.237,0.0,0,1738230757994,134,0.0
1738230758,107.22,107.236,0.0,0,1738230758616,134,0.0
1738230758,107.221,107.237,0.0,0,1738230758801,134,0.0
1738230759,107.22,107.238,0.0,0,1738230759277,134,0.0
1738230761,107.222,107.239,0.0,0,1738230761430,134,0.0
1738230761,107.22,107.238,0.0,0,1738230761916,134,0.0
1738230762,107.221,107.238,0.0,0,1738230762035,130,0.0
1738230762,107.224,107.24,0.0,0,1738230762646,134,0.0
1738230762,107.222,107.238,0.0,0,1738230762906,134,0.0
1738230763,107.221,107.238,0.0,0,1738230763652,130,0.0
1738230763,107.221,107.237,0.0,0,1738230763897,4,0.0
1738230764,107.221,107.238,0.0,0,1738230764059,4,0.0
1738230764,107.221,107.237,0.0,0,1738230764260,4,0.0
1738230765,107.219,107.236,0.0,0,1738230765073,134,0.0
1738230765,107.22,107.236,0.0,0,1738230765273,130,0.0
1738230765,107.219,107.236,0.0,0,1738230765547,130,0.0
1738230765,107.219,107.235,0.0,0,1738230765674,4,0.0
1738230766,107.218,107.234,0.0,0,1738230766206,134,0.0
1738230767,107.216,107.232,0.0,0,1738230767196,134,0.0
1738230767,107.212,107.228,0.0,0,1738230767291,134,0.0
1738230768,107.21,107.227,0.0,0,1738230768517,134,0.0
1738230769,107.21,107.226,0.0,0,1738230769176,4,0.0
1738230769,107.21,107.227,0.0,0,1738230769314,4,0.0
1738230770,107.212,107.229,0.0,0,1738230770519,134,0.0
1738230772,107.21,107.227,0.0,0,1738230772538,134,0.0
1738230772,107.21,107.226,0.0,0,1738230772943,4,0.0
1738230773,107.215,107.231,0.0,0,1738230773954,134,0.0
1738230774,107.215,107.232,0.0,0,1738230774459,4,0.0
1738230774,107.211,107.227,0.0,0,1738230774568,134,0.0
1738230774,107.21,107.227,0.0,0,1738230774965,130,0.0
1738230776,107.21,107.228,0.0,0,1738230776582,4,0.0
1738230776,107.21,107.227,0.0,0,1738230776784,4,0.0
1738230777,107.21,107.228,0.0,0,1738230777097,4,0.0
1738230777,107.211,107.229,0.0,0,1738230777591,134,0.0
1738230778,107.21,107.228,0.0,0,1738230778086,134,0.0
1738230778,107.202,107.22,0.0,0,1738230778416,134,0.0
1738230778,107.2,107.218,0.0,0,1738230778600,134,0.0
1738230778,107.198,107.216,0.0,0,1738230778803,134,0.0
1738230779,107.199,107.217,0.0,0,1738230779205,134,0.0
1738230779,107.199,107.216,0.0,0,1738230779736,4,0.0
1738230780,107.199,107.216,0.0,0,1738230780069,130,0.0
1738230780,107.198,107.216,0.0,0,1738230780217,130,0.0
1738230780,107.198,107.217,0.0,0,1738230780420,4,0.0
1738230780,107.199,107.218,0.0,0,1738230780824,134,0.0
1738230781,107.196,107.215,0.0,0,1738230781715,134,0.0
1738230781,107.203,107.221,0.0,0,1738230781835,134,0.0
1738230782,107.204,107.223,0.0,0,1738230782440,134,0.0
1738230782,107.203,107.222,0.0,0,1738230782705,134,0.0
1738230783,107.202,107.22,0.0,0,1738230783854,134,0.0
1738230784,107.203,107.221,0.0,0,1738230784059,134,0.0
1738230785,107.205,107.224,0.0,0,1738230785070,134,0.0
1738230785,107.206,107.225,0.0,0,1738230785346,134,0.0
1738230785,107.205,107.223,0.0,0,1738230785470,134,0.0
1738230786,107.203,107.222,0.0,0,1738230786007,134,0.0
1738230786,107.201,107.22,0.0,0,1738230786076,134,0.0
1738230786,107.203,107.221,0.0,0,1738230786336,134,0.0
1738230786,107.201,107.22,0.0,0,1738230786686,134,0.0
1738230787,107.202,107.22,0.0,0,1738230787491,130,0.0
1738230787,107.209,107.227,0.0,0,1738230787986,134,0.0
1738230788,107.21,107.229,0.0,0,1738230788316,134,0.0
1738230788,107.21,107.228,0.0,0,1738230788977,4,0.0
1738230790,107.209,107.227,0.0,0,1738230790320,134,0.0
1738230791,107.21,107.228,0.0,0,1738230791617,134,0.0
1738230791,107.209,107.227,0.0,0,1738230791733,134,0.0
1738230794,107.21,107.228,0.0,0,1738230794766,134,0.0
1738230795,107.211,107.229,0.0,0,1738230795572,134,0.0
1738230795,107.212,107.23,0.0,0,1738230795904,134,0.0
1738230795,107.211,107.229,0.0,0,1738230795979,134,0.0
1738230797,107.212,107.229,0.0,0,1738230797224,130,0.0
1738230797,107.212,107.23,0.0,0,1738230797592,4,0.0
1738230797,107.212,107.229,0.0,0,1738230797887,4,0.0
1738230797,107.211,107.229,0.0,0,1738230797997,130,0.0
1738230799,107.212,107.229,0.0,0,1738230799615,130,0.0
1738230800,107.214,107.231,0.0,0,1738230800021,134,0.0
1738230800,107.212,107.23,0.0,0,1738230800220,134,0.0
1738230801,107.212,107.229,0.0,0,1738230801234,4,0.0
1738230802,107.212,107.23,0.0,0,1738230802641,4,0.0
1738230803,107.212,107.229,0.0,0,1738230803249,4,0.0
1738230805,107.215,107.233,0.0,0,1738230805480,134,0.0
1738230805,107.216,107.234,0.0,0,1738230805672,134,0.0
1738230806,107.216,107.232,0.0,0,1738230806136,4,0.0
1738230806,107.215,107.232,0.0,0,1738230806884,130,0.0
1738230813,107.216,107.233,0.0,0,1738230813149,134,0.0
1738230813,107.217,107.234,0.0,0,1738230813754,134,0.0
1738230814,107.219,107.236,0.0,0,1738230814562,134,0.0
1738230815,107.22,107.236,0.0,0,1738230815167,130,0.0
1738230815,107.219,107.235,0.0,0,1738230815570,134,0.0
1738230815,107.22,107.236,0.0,0,1738230815772,134,0.0
1738230816,107.219,107.235,0.0,0,1738230816035,134,0.0
1738230816,107.22,107.236,0.0,0,1738230816783,134,0.0
1738230817,107.219,107.235,0.0,0,1738230817791,134,0.0
1738230818,107.218,107.235,0.0,0,1738230818016,130,0.0
1738230818,107.221,107.237,0.0,0,1738230818196,134,0.0
1738230818,107.22,107.237,0.0,0,1738230818802,130,0.0
1738230819,107.22,107.236,0.0,0,1738230819014,4,0.0
1738230819,107.221,107.237,0.0,0,1738230819337,134,0.0
1738230821,107.221,107.238,0.0,0,1738230821832,4,0.0
1738230822,107.221,107.237,0.0,0,1738230822034,4,0.0
1738230822,107.222,107.238,0.0,0,1738230822966,134,0.0
1738230824,107.22,107.235,0.0,0,1738230824287,134,0.0
1738230827,107.219,107.234,0.0,0,1738230827917,134,0.0
1738230829,107.22,107.235,0.0,0,1738230829308,134,0.0
1738230832,107.22,107.234,0.0,0,1738230832205,4,0.0
1738230833,107.219,107.233,0.0,0,1738230833194,134,0.0
1738230833,107.22,107.234,0.0,0,1738230833348,134,0.0
1738230833,107.221,107.235,0.0,0,1738230833854,134,0.0
1738230834,107.226,107.239,0.0,0,1738230834963,134,0.0
1738230835,107.227,107.241,0.0,0,1738230835176,134,0.0
1738230835,107.228,107.241,0.0,0,1738230835365,130,0.0
1738230836,107.226,107.242,0.0,0,1738230836172,134,0.0
1738230836,107.225,107.241,0.0,0,1738230836495,134,0.0
1738230837,107.226,107.241,0.0,0,1738230837588,130,0.0
1738230840,107.226,107.241,0.0,0,1738230840126,130,0.0
1738230840,107.226,107.242,0.0,0,1738230840462,4,0.0
1738230840,107.229,107.244,0.0,0,1738230840618,134,0.0
1738230840,107.228,107.244,0.0,0,1738230840822,130,0.0
1738230841,107.228,107.243,0.0,0,1738230841118,4,0.0
1738230843,107.227,107.242,0.0,0,1738230843756,134,0.0
1738230844,107.227,107.241,0.0,0,1738230844085,4,0.0
1738230844,107.228,107.242,0.0,0,1738230844866,134,0.0
1738230845,107.227,107.241,0.0,0,1738230845076,134,0.0
1738230845,107.228,107.242,0.0,0,1738230845871,134,0.0
1738230846,107.227,107.241,0.0,0,1738230846396,134,0.0
1738230846,107.228,107.242,0.0,0,1738230846476,134,0.0
1738230848,107.229,107.242,0.0,0,1738230848094,130,0.0
1738230848,107.228,107.241,0.0,0,1738230848493,134,0.0
1738230848,107.229,107.243,0.0,0,1738230848704,134,0.0
1738230850,107.229,107.242,0.0,0,1738230850514,4,0.0
1738230851,107.229,107.243,0.0,0,1738230851016,4,0.0
1738230851,107.232,107.246,0.0,0,1738230851120,134,0.0
1738230852,107.231,107.244,0.0,0,1738230852532,134,0.0
1738230852,107.229,107.243,0.0,0,1738230852735,134,0.0
1738230855,107.229,107.242,0.0,0,1738230855159,4,0.0
1738230855,107.224,107.237,0.0,0,1738230855363,134,0.0
1738230855,107.221,107.234,0.0,0,1738230855634,134,0.0
1738230855,107.22,107.233,0.0,0,1738230855968,134,0.0
1738230856,107.22,107.235,0.0,0,1738230856293,4,0.0
1738230856,107.22,107.234,0.0,0,1738230856779,4,0.0
1738230856,107.22,107.235,0.0,0,1738230856981,4,0.0
1738230857,107.22,107.234,0.0,0,1738230857988,4,0.0
1738230860,107.218,107.232,0.0,0,1738230860915,134,0.0
1738230861,107.225,107.239,0.0,0,1738230861022,134,0.0
1738230861,107.225,107.238,0.0,0,1738230861245,4,0.0
1738230861,107.224,107.237,0.0,0,1738230861422,134,0.0
1738230862,107.224,107.238,0.0,0,1738230862030,4,0.0
1738230862,107.219,107.233,0.0,0,1738230862897,134,0.0
1738230863,107.22,107.234,0.0,0,1738230863043,134,0.0
1738230863,107.219,107.233,0.0,0,1738230863245,134,0.0
1738230864,107.22,107.234,0.0,0,1738230864052,134,0.0
1738230864,107.219,107.233,0.0,0,1738230864254,134,0.0
1738230865,107.219,107.232,0.0,0,1738230865059,4,0.0
1738230865,107.22,107.233,0.0,0,1738230865267,134,0.0
1738230866,107.219,107.232,0.0,0,1738230866275,134,0.0
1738230866,107.22,107.233,0.0,0,1738230866527,134,0.0
1738230866,107.219,107.232,0.0,0,1738230866881,134,0.0
1738230867,107.22,107.234,0.0,0,1738230867517,134,0.0
1738230867,107.219,107.232,0.0,0,1738230867689,134,0.0
1738230869,107.222,107.235,0.0,0,1738230869828,134,0.0
1738230869,107.223,107.236,0.0,0,1738230869913,134,0.0
1738230870,107.221,107.234,0.0,0,1738230870159,134,0.0
1738230870,107.221,107.235,0.0,0,1738230870316,4,0.0
1738230870,107.218,107.232,0.0,0,1738230870519,134,0.0
1738230871,107.213,107.229,0.0,0,1738230871145,134,0.0
1738230871,107.209,107.225,0.0,0,1738230871326,134,0.0
1738230871,107.208,107.224,0.0,0,1738230871528,134,0.0
1738230872,107.208,107.226,0.0,0,1738230872136,4,0.0
1738230872,107.215,107.232,0.0,0,1738230872796,134,0.0
1738230872,107.216,107.234,0.0,0,1738230872945,134,0.0
1738230873,107.217,107.235,0.0,0,1738230873455,134,0.0
1738230873,107.216,107.234,0.0,0,1738230873954,134,0.0
1738230874,107.217,107.234,0.0,0,1738230874155,130,0.0
1738230874,107.218,107.235,0.0,0,1738230874775,134,0.0
1738230874,107.217,107.235,0.0,0,1738230874964,130,0.0
1738230875,107.218,107.235,0.0,0,1738230875773,130,0.0
1738230876,107.219,107.236,0.0,0,1738230876098,134,0.0
1738230876,107.218,107.235,0.0,0,1738230876177,134,0.0
1738230876,107.223,107.24,0.0,0,1738230876584,134,0.0
1738230876,107.228,107.245,0.0,0,1738230876792,134,0.0
1738230877,107.231,107.248,0.0,0,1738230877087,134,0.0
1738230877,107.235,107.252,0.0,0,1738230877417,134,0.0
1738230878,107.229,107.247,0.0,0,1738230878195,134,0.0
1738230879,107.228,107.246,0.0,0,1738230879207,134,0.0
1738230879,107.227,107.246,0.0,0,1738230879725,130,0.0
1738230879,107.227,107.245,0.0,0,1738230879813,4,0.0
1738230880,107.225,107.243,0.0,0,1738230880219,134,0.0
1738230881,107.224,107.242,0.0,0,1738230881043,134,0.0
1738230881,107.225,107.243,0.0,0,1738230881227,134,0.0
1738230882,107.225,107.244,0.0,0,1738230882843,4,0.0
1738230883,107.225,107.243,0.0,0,1738230883046,4,0.0
1738230883,107.225,107.244,0.0,0,1738230883355,4,0.0
1738230884,107.225,107.243,0.0,0,1738230884459,4,0.0
1738230885,107.224,107.242,0.0,0,1738230885468,134,0.0
1738230885,107.225,107.243,0.0,0,1738230885671,134,0.0
1738230886,107.224,107.242,0.0,0,1738230886682,134,0.0
1738230887,107.225,107.243,0.0,0,1738230887086,134,0.0
1738230891,107.224,107.242,0.0,0,1738230891330,134,0.0
1738230892,107.223,107.242,0.0,0,1738230892265,130,0.0
1738230892,107.224,107.242,0.0,0,1738230892337,130,0.0
1738230892,107.223,107.242,0.0,0,1738230892595,130,0.0
1738230893,107.224,107.242,0.0,0,1738230893348,130,0.0
1738230894,107.223,107.242,0.0,0,1738230894243,130,0.0
1738230894,107.224,107.242,0.0,0,1738230894358,130,0.0
1738230894,107.223,107.242,0.0,0,1738230894575,130,0.0
1738230894,107.224,107.242,0.0,0,1738230894763,130,0.0
1738230894,107.223,107.242,0.0,0,1738230894965,130,0.0
1738230895,107.224,107.242,0.0,0,1738230895368,130,0.0
1738230898,107.22,107.237,0.0,0,1738230898207,134,0.0
1738230898,107.218,107.235,0.0,0,1738230898402,134,0.0
1738230898,107.218,107.236,0.0,0,1738230898606,4,0.0
1738230898,107.218,107.235,0.0,0,1738230898866,4,0.0
1738230899,107.218,107.236,0.0,0,1738230899213,4,0.0
1738230899,107.217,107.235,0.0,0,1738230899525,134,0.0
1738230900,107.217,107.235,0.0,0,1738230900030,130,0.0
1738230900,107.22,107.238,0.0,0,1738230900220,134,0.0
1738230901,107.22,107.239,0.0,0,1738230901233,4,0.0
1738230901,107.22,107.238,0.0,0,1738230901505,4,0.0
1738230901,107.22,107.239,0.0,0,1738230901636,4,0.0
1738230902,107.22,107.238,0.0,0,1738230902645,4,0.0
1738230903,107.22,107.237,0.0,0,1738230903155,4,0.0
1738230904,107.221,107.239,0.0,0,1738230904261,134,0.0
1738230904,107.22,107.238,0.0,0,1738230904477,134,0.0
1738230905,107.222,107.24,0.0,0,1738230905270,134,0.0
1738230905,107.223,107.24,0.0,0,1738230905479,130,0.0
1738230905,107.224,107.242,0.0,0,1738230905878,134,0.0
1738230906,107.223,107.241,0.0,0,1738230906284,134,0.0
1738230906,107.224,107.242,0.0,0,1738230906484,134,0.0
1738230910,107.228,107.246,0.0,0,1738230910415,134,0.0
1738230910,107.229,107.247,0.0,0,1738230910523,134,0.0
1738230911,107.228,107.246,0.0,0,1738230911405,134,0.0
1738230912,107.229,107.246,0.0,0,1738230912136,130,0.0
1738230913,107.23,107.247,0.0,0,1738230913054,134,0.0
1738230913,107.229,107.246,0.0,0,1738230913145,134,0.0
1738230914,107.23,107.247,0.0,0,1738230914563,134,0.0
1738230915,107.226,107.243,0.0,0,1738230915695,134,0.0
1738230916,107.226,107.244,0.0,0,1738230916376,4,0.0
1738230917,107.226,107.243,0.0,0,1738230917389,4,0.0
1738230918,107.226,107.244,0.0,0,1738230918664,4,0.0
1738230918,107.226,107.243,0.0,0,1738230918801,4,0.0
1738230920,107.225,107.242,0.0,0,1738230920825,134,0.0
1738230921,107.226,107.243,0.0,0,1738230921304,134,0.0
1738230921,107.23,107.247,0.0,0,1738230921966,134,0.0
1738230923,107.231,107.248,0.0,0,1738230923944,134,0.0
1738230924,107.231,107.247,0.0,0,1738230924051,4,0.0
1738230924,107.229,107.245,0.0,0,1738230924273,134,0.0
1738230924,107.232,107.248,0.0,0,1738230924657,134,0.0
1738230925,107.237,107.254,0.0,0,1738230925063,134,0.0
1738230925,107.238,107.254,0.0,0,1738230925264,130,0.0
1738230926,107.237,107.255,0.0,0,1738230926070,134,0.0
1738230926,107.238,107.256,0.0,0,1738230926270,134,0.0
1738230926,107.237,107.254,0.0,0,1738230926586,134,0.0
1738230926,107.238,107.256,0.0,0,1738230926673,134,0.0
1738230926,107.238,107.255,0.0,0,1738230926916,4,0.0
1738230927,107.238,107.256,0.0,0,1738230927078,4,0.0
1738230927,107.239,107.256,0.0,0,1738230927904,130,0.0
1738230928,107.238,107.256,0.0,0,1738230928087,130,0.0
1738230930,107.232,107.249,0.0,0,1738230930546,134,0.0
1738230932,107.234,107.252,0.0,0,1738230932855,134,0.0
1738230933,107.233,107.251,0.0,0,1738230933185,134,0.0
1738230933,107.232,107.25,0.0,0,1738230933330,134,0.0
1738230933,107.234,107.251,0.0,0,1738230933934,134,0.0
1738230934,107.234,107.252,0.0,0,1738230934541,4,0.0
1738230935,107.235,107.253,0.0,0,1738230935824,134,0.0
1738230936,107.234,107.252,0.0,0,1738230936960,134,0.0
1738230937,107.235,107.253,0.0,0,1738230937971,134,0.0
1738230938,107.236,107.254,0.0,0,1738230938796,134,0.0
1738230939,107.232,107.249,0.0,0,1738230939191,134,0.0
1738230940,107.231,107.249,0.0,0,1738230940115,130,0.0
1738230940,107.232,107.249,0.0,0,1738230940195,130,0.0
1738230940,107.232,107.25,0.0,0,1738230940600,4,0.0
1738230941,107.232,107.249,0.0,0,1738230941436,4,0.0
1738230941,107.232,107.25,0.0,0,1738230941610,4,0.0
1738230942,107.233,107.249,0.0,0,1738230942216,134,0.0
1738230942,107.233,107.25,0.0,0,1738230942621,4,0.0
1738230943,107.233,107.249,0.0,0,1738230943084,4,0.0
1738230943,107.234,107.249,0.0,0,1738230943229,130,0.0
1738230943,107.233,107.249,0.0,0,1738230943746,130,0.0
1738230943,107.232,107.248,0.0,0,1738230943835,134,0.0
1738230944,107.232,107.247,0.0,0,1738230944077,4,0.0
1738230944,107.229,107.245,0.0,0,1738230944238,134,0.0
1738230945,107.228,107.245,0.0,0,1738230945063,130,0.0
1738230945,107.23,107.247,0.0,0,1738230945247,134,0.0
1738230945,107.228,107.245,0.0,0,1738230945448,134,0.0
1738230946,107.229,107.245,0.0,0,1738230946056,130,0.0
1738230946,107.228,107.244,0.0,0,1738230946716,134,0.0
1738230946,107.228,107.243,0.0,0,1738230946864,4,0.0
1738230947,107.229,107.245,0.0,0,1738230947065,134,0.0
1738230947,107.228,107.244,0.0,0,1738230947374,134,0.0
1738230947,107.23,107.245,0.0,0,1738230947703,134,0.0
1738230948,107.228,107.244,0.0,0,1738230948482,134,0.0
1738230948,107.229,107.245,0.0,0,1738230948695,134,0.0
1738230949,107.227,107.243,0.0,0,1738230949354,134,0.0
1738230952,107.228,107.243,0.0,0,1738230952118,130,0.0
1738230952,107.229,107.244,0.0,0,1738230952326,134,0.0
1738230952,107.227,107.242,0.0,0,1738230952389,134,0.0
1738230952,107.228,107.243,0.0,0,1738230952723,134,0.0
1738230953,107.229,107.244,0.0,0,1738230953127,134,0.0
1738230953,107.228,107.243,0.0,0,1738230953331,134,0.0
1738230954,107.229,107.244,0.0,0,1738230954140,134,0.0
1738230954,107.231,107.246,0.0,0,1738230954341,134,0.0
1738230954,107.231,107.245,0.0,0,1738230954965,4,0.0
1738230955,107.23,107.245,0.0,0,1738230955149,130,0.0
1738230955,107.231,107.246,0.0,0,1738230955350,134,0.0
1738230955,107.23,107.245,0.0,0,1738230955756,134,0.0
1738230956,107.231,107.246,0.0,0,1738230956614,134,0.0
1738230957,107.229,107.244,0.0,0,1738230957273,134,0.0
1738230959,107.23,107.245,0.0,0,1738230959914,134,0.0
1738230959,107.231,107.245,0.0,0,1738230959996,130,0.0
1738230960,107.231,107.246,0.0,0,1738230960244,134,0.0
1738230960,107.229,107.244,0.0,0,1738230960400,134,0.0
1738230961,107.229,107.243,0.0,0,1738230961894,4,0.0
1738230962,107.23,107.244,0.0,0,1738230962421,134,0.0
1738230962,107.233,107.247,0.0,0,1738230962622,134,0.0
1738230962,107.23,107.245,0.0,0,1738230962883,134,0.0
1738230963,107.23,107.246,0.0,0,1738230963027,4,0.0
1738230963,107.229,107.245,0.0,0,1738230963874,134,0.0
1738230964,107.23,107.245,0.0,0,1738230964036,130,0.0
1738230964,107.221,107.237,0.0,0,1738230964237,134,0.0
1738230964,107.219,107.236,0.0,0,1738230964535,134,0.0
1738230965,107.223,107.241,0.0,0,1738230965248,134,0.0
1738230965,107.224,107.242,0.0,0,1738230965854,134,0.0
1738230967,107.223,107.24,0.0,0,1738230967173,134,0.0
1738230967,107.224,107.241,0.0,0,1738230967267,134,0.0
1738230969,107.223,107.24,0.0,0,1738230969154,134,0.0
1738230970,107.224,107.24,0.0,0,1738230970146,130,0.0
1738230970,107.225,107.241,0.0,0,1738230970500,134,0.0
1738230972,107.226,107.243,0.0,0,1738230972923,134,0.0
1738230975,107.226,107.242,0.0,0,1738230975146,4,0.0
1738230975,107.221,107.236,0.0,0,1738230975422,134,0.0
1738230976,107.221,107.237,0.0,0,1738230976084,4,0.0
1738230977,107.217,107.233,0.0,0,1738230977074,134,0.0
1738230977,107.219,107.234,0.0,0,1738230977166,134,0.0
1738230977,107.218,107.233,0.0,0,1738230977567,134,0.0
1738230978,107.218,107.234,0.0,0,1738230978393,4,0.0
1738230979,107.218,107.233,0.0,0,1738230979793,4,0.0
1738230980,107.218,107.234,0.0,0,1738230980201,4,0.0
1738230980,107.204,107.221,0.0,0,1738230980403,134,0.0
1738230980,107.204,107.219,0.0,0,1738230980705,4,0.0
1738230980,107.203,107.219,0.0,0,1738230980807,130,0.0
1738230981,107.201,107.219,0.0,0,1738230981209,130,0.0
1738230981,107.2,107.217,0.0,0,1738230981693,134,0.0
1738230981,107.201,107.219,0.0,0,1738230981816,134,0.0
1738230982,107.208,107.225,0.0,0,1738230982420,134,0.0
1738230982,107.209,107.226,0.0,0,1738230982685,134,0.0
1738230983,107.203,107.221,0.0,0,1738230983674,134,0.0
1738230983,107.201,107.219,0.0,0,1738230983843,134,0.0
1738230984,107.2,107.218,0.0,0,1738230984446,134,0.0
1738230984,107.199,107.217,0.0,0,1738230984665,134,0.0
1738230985,107.198,107.216,0.0,0,1738230985050,134,0.0
1738230987,107.193,107.21,0.0,0,1738230987070,134,0.0
1738230987,107.191,107.209,0.0,0,1738230987303,134,0.0
1738230987,107.192,107.21,0.0,0,1738230987474,134,0.0
1738230987,107.193,107.211,0.0,0,1738230987676,134,0.0
1738230988,107.195,107.212,0.0,0,1738230988293,134,0.0
1738230988,107.195,107.213,0.0,0,1738230988686,4,0.0
1738230989,107.194,107.212,0.0,0,1738230989291,134,0.0
1738230989,107.193,107.21,0.0,0,1738230989614,134,0.0
1738230990,107.192,107.209,0.0,0,1738230990101,134,0.0
1738230990,107.193,107.21,0.0,0,1738230990604,134,0.0
1738230991,107.196,107.213,0.0,0,1738230991109,134,0.0
1738230991,107.195,107.212,0.0,0,1738230991311,134,0.0
1738230991,107.196,107.213,0.0,0,1738230991595,134,0.0
1738230992,107.2,107.217,0.0,0,1738230992584,134,0.0
1738230992,107.2,107.218,0.0,0,1738230992730,4,0.0
1738230992,107.202,107.219,0.0,0,1738230992925,134,0.0
1738230993,107.205,107.222,0.0,0,1738230993244,134,0.0
1738230993,107.203,107.22,0.0,0,1738230993329,134,0.0
1738230993,107.207,107.224,0.0,0,1738230993578,134,0.0
1738230994,107.206,107.224,0.0,0,1738230994234,130,0.0
1738230995,107.205,107.223,0.0,0,1738230995886,134,0.0
1738230995,107.205,107.222,0.0,0,1738230995957,4,0.0
1738230996,107.205,107.223,0.0,0,1738230996215,4,0.0
1738230996,107.2,107.218,0.0,0,1738230996364,134,0.0
1738230996,107.2,107.217,0.0,0,1738230996560,4,0.0
1738230997,107.2,107.218,0.0,0,1738230997369,4,0.0
1738230997,107.199,107.217,0.0,0,1738230997978,134,0.0
1738231000,107.198,107.216,0.0,0,1738231000606,134,0.0
1738231000,107.2,107.217,0.0,0,1738231000833,134,0.0
1738231001,107.199,107.217,0.0,0,1738231001825,130,0.0
1738231003,107.198,107.216,0.0,0,1738231003474,134,0.0
1738231006,107.2,107.217,0.0,0,1738231006115,134,0.0
1738231006,107.2,107.218,0.0,0,1738231006257,4,0.0
1738231007,107.2,107.217,0.0,0,1738231007270,4,0.0
1738231009,107.205,107.222,0.0,0,1738231009414,134,0.0
1738231009,107.206,107.223,0.0,0,1738231009489,134,0.0
1738231009,107.207,107.224,0.0,0,1738231009743,134,0.0
1738231009,107.207,107.225,0.0,0,1738231009897,4,0.0
1738231010,107.207,107.224,0.0,0,1738231010903,4,0.0
1738231013,107.207,107.225,0.0,0,1738231013529,4,0.0
1738231014,107.206,107.223,0.0,0,1738231014033,134,0.0
1738231015,107.206,107.224,0.0,0,1738231015025,4,0.0
1738231015,107.199,107.216,0.0,0,1738231015146,134,0.0
1738231015,107.198,107.214,0.0,0,1738231015353,134,0.0
1738231015,107.199,107.216,0.0,0,1738231015549,134,0.0
1738231016,107.199,107.217,0.0,0,1738231016156,4,0.0
1738231018,107.198,107.216,0.0,0,1738231018180,134,0.0
1738231019,107.199,107.216,0.0,0,1738231019643,130,0.0
1738231020,107.199,107.217,0.0,0,1738231020004,134,0.0
1738231020,107.199,107.216,0.0,0,1738231020304,4,0.0
1738231020,107.199,107.217,0.0,0,1738231020395,4,0.0
1738231020,107.199,107.216,0.0,0,1738231020634,4,0.0
1738231020,107.2,107.218,0.0,0,1738231020799,134,0.0
1738231022,107.201,107.219,0.0,0,1738231022620,134,0.0
1738231024,107.201,107.218,0.0,0,1738231024031,4,0.0
1738231024,107.202,107.219,0.0,0,1738231024641,134,0.0
1738231025,107.201,107.218,0.0,0,1738231025041,134,0.0
1738231026,107.201,107.217,0.0,0,1738231026572,4,0.0
1738231027,107.201,107.218,0.0,0,1738231027893,4,0.0
1738231032,107.201,107.217,0.0,0,1738231032527,4,0.0
1738231033,107.201,107.216,0.0,0,1738231033938,4,0.0
1738231034,107.201,107.217,0.0,0,1738231034545,4,0.0
1738231035,107.199,107.216,0.0,0,1738231035483,134,0.0
1738231035,107.2,107.216,0.0,0,1738231035553,130,0.0
1738231036,107.201,107.218,0.0,0,1738231036473,134,0.0
1738231036,107.201,107.217,0.0,0,1738231036568,4,0.0
1738231037,107.2,107.216,0.0,0,1738231037981,134,0.0
1738231039,107.201,107.216,0.0,0,1738231039195,130,0.0
1738231039,107.2,107.215,0.0,0,1738231039799,134,0.0
1738231040,107.201,107.216,0.0,0,1738231040432,134,0.0
1738231041,107.2,107.215,0.0,0,1738231041622,134,0.0
1738231042,107.199,107.214,0.0,0,1738231042085,134,0.0
1738231043,107.2,107.215,0.0,0,1738231043436,134,0.0
1738231044,107.202,107.217,0.0,0,1738231044064,134,0.0
1738231045,107.203,107.218,0.0,0,1738231045458,134,0.0
1738231046,107.201,107.216,0.0,0,1738231046870,134,0.0
1738231050,107.204,107.219,0.0,0,1738231050107,134,0.0
1738231050,107.206,107.221,0.0,0,1738231050509,134,0.0
1738231050,107.205,107.22,0.0,0,1738231050712,134,0.0
1738231050,107.206,107.22,0.0,0,1738231050993,130,0.0
1738231051,107.205,107.22,0.0,0,1738231051719,130,0.0
1738231052,107.206,107.221,0.0,0,1738231052124,134,0.0
1738231052,107.205,107.22,0.0,0,1738231052730,134,0.0
1738231052,107.206,107.22,0.0,0,1738231052973,130,0.0
1738231054,107.206,107.221,0.0,0,1738231054148,4,0.0
1738231054,107.209,107.224,0.0,0,1738231054346,134,0.0
1738231054,107.211,107.225,0.0,0,1738231054622,134,0.0
1738231054,107.212,107.227,0.0,0,1738231054749,134,0.0
1738231054,107.213,107.228,0.0,0,1738231054954,134,0.0
1738231055,107.21,107.225,0.0,0,1738231055284,134,0.0
1738231055,107.222,107.238,0.0,0,1738231055358,134,0.0
1738231055,107.221,107.237,0.0,0,1738231055615,134,0.0
1738231055,107.22,107.237,0.0,0,1738231055760,130,0.0
1738231056,107.219,107.235,0.0,0,1738231056367,134,0.0
1738231060,107.219,107.234,0.0,0,1738231060233,4,0.0
1738231062,107.217,107.232,0.0,0,1738231062543,134,0.0
1738231062,107.213,107.228,0.0,0,1738231062631,134,0.0
1738231063,107.212,107.228,0.0,0,1738231063031,130,0.0
1738231063,107.217,107.232,0.0,0,1738231063639,134,0.0
1738231063,107.22,107.235,0.0,0,1738231063864,134,0.0
1738231064,107.221,107.237,0.0,0,1738231064043,134,0.0
1738231064,107.22,107.237,0.0,0,1738231064243,130,0.0
1738231065,107.219,107.235,0.0,0,1738231065513,134,0.0
1738231065,107.216,107.232,0.0,0,1738231065662,134,0.0
1738231066,107.218,107.234,0.0,0,1738231066875,134,0.0
1738231067,107.219,107.235,0.0,0,1738231067277,134,0.0
1738231068,107.218,107.234,0.0,0,1738231068154,134,0.0
1738231068,107.21,107.227,0.0,0,1738231068286,134,0.0
1738231070,107.21,107.226,0.0,0,1738231070311,4,0.0
1738231070,107.211,107.227,0.0,0,1738231070512,134,0.0
1738231071,107.21,107.226,0.0,0,1738231071783,134,0.0
1738231073,107.211,107.227,0.0,0,1738231073762,134,0.0
1738231074,107.212,107.228,0.0,0,1738231074552,134,0.0
1738231076,107.211,107.228,0.0,0,1738231076402,130,0.0
1738231078,107.212,107.228,0.0,0,1738231078385,130,0.0
1738231079,107.213,107.229,0.0,0,1738231079195,134,0.0
1738231079,107.218,107.234,0.0,0,1738231079800,134,0.0
1738231080,107.219,107.235,0.0,0,1738231080034,134,0.0
1738231080,107.219,107.234,0.0,0,1738231080205,4,0.0
1738231082,107.217,107.232,0.0,0,1738231082342,134,0.0
1738231082,107.22,107.235,0.0,0,1738231082673,134,0.0
1738231084,107.221,107.236,0.0,0,1738231084040,134,0.0
1738231084,107.22,107.235,0.0,0,1738231084846,134,0.0
1738231085,107.222,107.237,0.0,0,1738231085454,134,0.0
1738231086,107.221,107.236,0.0,0,1738231086302,134,0.0
1738231088,107.222,107.236,0.0,0,1738231088082,130,0.0
1738231089,107.221,107.235,0.0,0,1738231089295,134,0.0
1738231089,107.221,107.236,0.0,0,1738231089934,4,0.0
1738231090,107.223,107.238,0.0,0,1738231090594,134,0.0
1738231090,107.224,107.238,0.0,0,1738231090707,130,0.0
1738231090,107.218,107.233,0.0,0,1738231090927,134,0.0
1738231091,107.217,107.232,0.0,0,1738231091315,134,0.0
1738231091,107.218,107.232,0.0,0,1738231091920,130,0.0
1738231094,107.217,107.232,0.0,0,1738231094222,130,0.0
1738231094,107.219,107.234,0.0,0,1738231094343,134,0.0
1738231094,107.22,107.234,0.0,0,1738231094552,130,0.0
1738231094,107.223,107.237,0.0,0,1738231094748,134,0.0
1738231094,107.224,107.239,0.0,0,1738231094947,134,0.0
1738231095,107.222,107.239,0.0,0,1738231095213,130,0.0
1738231095,107.22,107.236,0.0,0,1738231095352,134,0.0
1738231095,107.221,107.236,0.0,0,1738231095553,130,0.0
1738231095,107.222,107.238,0.0,0,1738231095872,134,0.0
1738231096,107.22,107.236,0.0,0,1738231096202,134,0.0
1738231096,107.219,107.235,0.0,0,1738231096863,134,0.0
1738231096,107.217,107.234,0.0,0,1738231096969,134,0.0
1738231097,107.215,107.232,0.0,0,1738231097192,134,0.0
1738231097,107.216,107.232,0.0,0,1738231097572,130,0.0
1738231097,107.217,107.233,0.0,0,1738231097852,134,0.0
1738231098,107.217,107.234,0.0,0,1738231098843,4,0.0
1738231099,107.217,107.233,0.0,0,1738231099187,4,0.0
1738231099,107.217,107.232,0.0,0,1738231099502,4,0.0
1738231099,107.217,107.233,0.0,0,1738231099591,4,0.0
1738231100,107.218,107.234,0.0,0,1738231100494,134,0.0
1738231100,107.217,107.234,0.0,0,1738231100598,130,0.0
1738231101,107.217,107.233,0.0,0,1738231101483,4,0.0
1738231102,107.218,107.234,0.0,0,1738231102214,134,0.0
1738231102,107.217,107.233,0.0,0,1738231102621,134,0.0
1738231104,107.211,107.227,0.0,0,1738231104843,134,0.0
1738231105,107.21,107.227,0.0,0,1738231105113,130,0.0
1738231105,107.211,107.227,0.0,0,1738231105850,130,0.0
1738231106,107.21,107.227,0.0,0,1738231106103,130,0.0
1738231107,107.21,107.226,0.0,0,1738231107467,4,0.0
1738231108,107.209,107.225,0.0,0,1738231108081,134,0.0
1738231109,107.208,107.224,0.0,0,1738231109490,134,0.0
1738231109,107.201,107.217,0.0,0,1738231109733,134,0.0
1738231110,107.2,107.216,0.0,0,1738231110094,134,0.0
1738231110,107.199,107.215,0.0,0,1738231110391,134,0.0
1738231110,107.199,107.214,0.0,0,1738231110719,4,0.0
1738231110,107.197,107.212,0.0,0,1738231110905,134,0.0
1738231111,107.191,107.207,0.0,0,1738231111106,134,0.0
1738231111,107.19,107.207,0.0,0,1738231111381,130,0.0
1738231111,107.191,107.207,0.0,0,1738231111711,130,0.0
1738231112,107.192,107.208,0.0,0,1738231112516,134,0.0
1738231113,107.193,107.209,0.0,0,1738231113124,134,0.0
1738231113,107.19,107.207,0.0,0,1738231113364,134,0.0
1738231113,107.191,107.207,0.0,0,1738231113529,130,0.0
1738231113,107.192,107.208,0.0,0,1738231113728,134,0.0
1738231114,107.191,107.207,0.0,0,1738231114538,134,0.0
1738231115,107.192,107.207,0.0,0,1738231115147,130,0.0
1738231116,107.192,107.208,0.0,0,1738231116358,4,0.0
1738231116,107.193,107.208,0.0,0,1738231116664,130,0.0
1738231116,107.192,107.209,0.0,0,1738231116763,134,0.0
1738231118,107.193,107.209,0.0,0,1738231118643,130,0.0
1738231118,107.192,107.208,0.0,0,1738231118984,134,0.0
1738231119,107.195,107.211,0.0,0,1738231119633,134,0.0
1738231121,107.192,107.209,0.0,0,1738231121408,134,0.0
1738231122,107.192,107.208,0.0,0,1738231122275,4,0.0
1738231125,107.192,107.207,0.0,0,1738231125045,4,0.0
1738231127,107.193,107.208,0.0,0,1738231127065,134,0.0
1738231127,107.192,107.207,0.0,0,1738231127884,134,0.0
1738231128,107.193,107.207,0.0,0,1738231128073,130,0.0
1738231128,107.192,107.207,0.0,0,1738231128276,130,0.0
1738231130,107.187,107.202,0.0,0,1738231130297,134,0.0
1738231130,107.186,107.201,0.0,0,1738231130522,134,0.0
1738231131,107.185,107.201,0.0,0,1738231131184,130,0.0
1738231131,107.186,107.202,0.0,0,1738231131306,134,0.0
1738231133,107.187,107.203,0.0,0,1738231133528,134,0.0
1738231133,107.186,107.203,0.0,0,1738231133823,130,0.0
1738231133,107.188,107.205,0.0,0,1738231133930,134,0.0
1738231134,107.188,107.204,0.0,0,1738231134940,4,0.0
1738231136,107.189,107.205,0.0,0,1738231136152,134,0.0
1738231137,107.185,107.201,0.0,0,1738231137162,134,0.0
1738231137,107.186,107.202,0.0,0,1738231137783,134,0.0
1738231138,107.184,107.201,0.0,0,1738231138167,134,0.0
1738231138,107.184,107.2,0.0,0,1738231138441,4,0.0
1738231139,107.183,107.199,0.0,0,1738231139101,134,0.0
1738231140,107.184,107.2,0.0,0,1738231140094,134,0.0
1738231140,107.187,107.202,0.0,0,1738231140424,134,0.0
1738231140,107.186,107.201,0.0,0,1738231140596,134,0.0
1738231140,107.186,107.202,0.0,0,1738231140795,4,0.0
1738231141,107.187,107.202,0.0,0,1738231141199,130,0.0
1738231141,107.186,107.202,0.0,0,1738231141413,130,0.0
1738231142,107.187,107.203,0.0,0,1738231142071,134,0.0
1738231142,107.186,107.202,0.0,0,1738231142207,134,0.0
1738231142,107.182,107.197,0.0,0,1738231142814,134,0.0
1738231143,107.177,107.193,0.0,0,1738231143061,134,0.0
1738231143,107.176,107.193,0.0,0,1738231143219,130,0.0
1738231144,107.178,107.195,0.0,0,1738231144433,134,0.0
1738231145,107.178,107.196,0.0,0,1738231145043,4,0.0
1738231145,107.178,107.195,0.0,0,1738231145440,4,0.0
1738231146,107.176,107.193,0.0,0,1738231146046,134,0.0
1738231146,107.174,107.191,0.0,0,1738231146362,134,0.0
1738231147,107.173,107.19,0.0,0,1738231147054,134,0.0
1738231147,107.176,107.193,0.0,0,1738231147352,134,0.0
1738231147,107.174,107.192,0.0,0,1738231147460,134,0.0
1738231147,107.177,107.195,0.0,0,1738231147683,134,0.0
1738231147,107.181,107.198,0.0,0,1738231147867,134,0.0
1738231148,107.182,107.201,0.0,0,1738231148066,134,0.0
1738231148,107.188,107.207,0.0,0,1738231148344,134,0.0
1738231148,107.191,107.21,0.0,0,1738231148674,134,0.0
1738231149,107.189,107.208,0.0,0,1738231149002,134,0.0
1738231149,107.192,107.211,0.0,0,1738231149079,134,0.0
1738231149,107.191,107.21,0.0,0,1738231149333,134,0.0
1738231150,107.188,107.207,0.0,0,1738231150497,134,0.0
1738231150,107.182,107.201,0.0,0,1738231150696,134,0.0
1738231150,107.18,107.199,0.0,0,1738231150989,134,0.0
1738231151,107.179,107.198,0.0,0,1738231151312,134,0.0
1738231152,107.179,107.199,0.0,0,1738231152633,4,0.0
1738231154,107.181,107.2,0.0,0,1738231154613,134,0.0
1738231154,107.179,107.198,0.0,0,1738231154942,134,0.0
1738231156,107.18,107.199,0.0,0,1738231156262,134,0.0
1738231156,107.178,107.197,0.0,0,1738231156348,134,0.0
1738231157,107.174,107.194,0.0,0,1738231157256,134,0.0
1738231158,107.175,107.194,0.0,0,1738231158241,130,0.0
1738231158,107.174,107.194,0.0,0,1738231158369,130,0.0
1738231158,107.175,107.194,0.0,0,1738231158573,130,0.0
1738231160,107.175,107.193,0.0,0,1738231160388,4,0.0
1738231161,107.174,107.193,0.0,0,1738231161212,130,0.0
1738231161,107.177,107.194,0.0,0,1738231161399,134,0.0
1738231161,107.177,107.195,0.0,0,1738231161601,4,0.0
1738231164,107.178,107.196,0.0,0,1738231164025,134,0.0
1738231164,107.177,107.195,0.0,0,1738231164225,134,0.0
1738231165,107.179,107.199,0.0,0,1738231165637,134,0.0
1738231165,107.18,107.199,0.0,0,1738231165840,130,0.0
1738231166,107.182,107.201,0.0,0,1738231166244,134,0.0
1738231166,107.186,107.205,0.0,0,1738231166649,134,0.0
1738231167,107.186,107.206,0.0,0,1738231167156,4,0.0
1738231167,107.186,107.205,0.0,0,1738231167481,4,0.0
1738231168,107.177,107.197,0.0,0,1738231168268,134,0.0
1738231168,107.179,107.197,0.0,0,1738231168474,130,0.0
1738231168,107.18,107.199,0.0,0,1738231168802,134,0.0
1738231170,107.18,107.2,0.0,0,1738231170291,4,0.0
1738231170,107.18,107.199,0.0,0,1738231170896,4,0.0
1738231171,107.18,107.198,0.0,0,1738231171112,4,0.0
1738231171,107.18,107.199,0.0,0,1738231171301,4,0.0
1738231171,107.174,107.193,0.0,0,1738231171771,134,0.0
1738231171,107.171,107.19,0.0,0,1738231171908,134,0.0
1738231172,107.173,107.191,0.0,0,1738231172108,134,0.0
1738231174,107.173,107.192,0.0,0,1738231174535,4,0.0
1738231175,107.173,107.191,0.0,0,1738231175744,4,0.0
1738231176,107.172,107.191,0.0,0,1738231176063,130,0.0
1738231176,107.174,107.194,0.0,0,1738231176151,134,0.0
1738231176,107.173,107.192,0.0,0,1738231176396,134,0.0
1738231176,107.174,107.193,0.0,0,1738231176553,134,0.0
1738231177,107.175,107.194,0.0,0,1738231177382,134,0.0
1738231177,107.174,107.192,0.0,0,1738231177563,134,0.0
1738231178,107.176,107.194,0.0,0,1738231178043,134,0.0
1738231178,107.175,107.194,0.0,0,1738231178167,130,0.0
1738231178,107.174,107.193,0.0,0,1738231178372,134,0.0
1738231178,107.167,107.185,0.0,0,1738231178774,134,0.0
1738231179,107.164,107.182,0.0,0,1738231179032,134,0.0
1738231179,107.165,107.183,0.0,0,1738231179691,134,0.0
1738231180,107.164,107.183,0.0,0,1738231180190,130,0.0
1738231180,107.164,107.182,0.0,0,1738231180392,4,0.0
1738231182,107.164,107.183,0.0,0,1738231182408,4,0.0
1738231182,107.164,107.182,0.0,0,1738231182665,4,0.0
1738231182,107.164,107.183,0.0,0,1738231182813,4,0.0
1738231183,107.164,107.182,0.0,0,1738231183015,4,0.0
1738231183,107.165,107.183,0.0,0,1738231183322,134,0.0
1738231184,107.165,107.184,0.0,0,1738231184025,4,0.0
1738231184,107.163,107.182,0.0,0,1738231184313,134,0.0
1738231184,107.16,107.178,0.0,0,1738231184429,134,0.0
1738231184,107.158,107.178,0.0,0,1738231184643,130,0.0
1738231184,107.158,107.176,0.0,0,1738231184834,4,0.0
1738231185,107.159,107.177,0.0,0,1738231185038,134,0.0
1738231185,107.158,107.177,0.0,0,1738231185440,130,0.0
1738231185,107.158,107.176,0.0,0,1738231185962,4,0.0
1738231186,107.159,107.177,0.0,0,1738231186293,134,0.0
1738231186,107.157,107.175,0.0,0,1738231186653,134,0.0
1738231186,107.158,107.176,0.0,0,1738231186954,134,0.0
1738231187,107.158,107.177,0.0,0,1738231187664,4,0.0
1738231187,107.158,107.178,0.0,0,1738231187942,4,0.0
1738231188,107.158,107.177,0.0,0,1738231188673,4,0.0
1738231189,107.158,107.176,0.0,0,1738231189079,4,0.0
1738231190,107.159,107.177,0.0,0,1738231190289,134,0.0
1738231190,107.158,107.176,0.0,0,1738231190694,134,0.0
1738231190,107.155,107.174,0.0,0,1738231190912,134,0.0
1738231191,107.157,107.176,0.0,0,1738231191100,134,0.0
1738231191,107.158,107.176,0.0,0,1738231191299,130,0.0
1738231191,107.16,107.178,0.0,0,1738231191703,134,0.0
1738231191,107.159,107.177,0.0,0,1738231191905,134,0.0
1738231193,107.158,107.177,0.0,0,1738231193319,130,0.0
1738231193,107.159,107.176,0.0,0,1738231193928,134,0.0
1738231194,107.158,107.176,0.0,0,1738231194212,130,0.0
1738231194,107.16,107.178,0.0,0,1738231194330,134,0.0
1738231195,107.159,107.178,0.0,0,1738231195863,130,0.0
1738231196,107.161,107.18,0.0,0,1738231196192,134,0.0
1738231196,107.161,107.179,0.0,0,1738231196853,4,0.0
1738231198,107.154,107.173,0.0,0,1738231198175,134,0.0
1738231198,107.153,107.172,0.0,0,1738231198500,134,0.0
1738231198,107.153,107.171,0.0,0,1738231198572,4,0.0
1738231198,107.154,107.172,0.0,0,1738231198832,134,0.0
1738231198,107.157,107.175,0.0,0,1738231198978,134,0.0
1738231199,107.158,107.176,0.0,0,1738231199178,134,0.0
1738231199,107.157,107.176,0.0,0,1738231199490,130,0.0
1738231199,107.158,107.176,0.0,0,1738231199585,130,0.0
1738231199,107.16,107.178,0.0,0,1738231199821,134,0.0
