datetime,timestamp,open,high,low,close,volume,spread,real_volume,ema8,ema13,ema21,ema200
2022-12-01,1669852800,17170.43,17255.83,16846.49,16975.94,83071,173,0,16975.94,16975.94,16975.94,16975.94
2022-12-02,1669939200,16975.49,17102.04,16802.21,17092.11,82041,450,0,17001.755555555555,16992.535714285714,16986.500909090908,16977.09592039801
2022-12-03,1670025600,17089.39,17143.52,16866.01,16892.71,80885,758,0,16977.52320987654,16978.274897959185,16977.974462809918,16976.25625949853
2022-12-04,1670112000,16892.84,17190.37,16885.9,17114.9,81202,342,0,17008.051385459534,16997.792769679305,16990.42223891811,16977.63579920501
2022-12-05,1670198400,17115.88,17421.05,16879.45,16968.72,83201,619,0,16999.311077579638,16993.639516867977,16988.44930810737,16977.54708478506
2022-12-06,1670284800,16970.55,17107.69,16899.59,17088.13,82569,792,0,17019.048615895274,17007.13815731541,16997.511189188517,16978.647412299637
2022-12-07,1670371200,17090.14,17141.86,16695.28,16853.4,81940,143,0,16982.23781236299,16985.17556341321,16984.41017198956,16977.401169391185
2022-12-08,1670457600,16853.02,17303.03,16744.98,17229.41,81974,444,0,17037.164965171214,17020.066197211323,17006.682883626872,16979.908719944506
2022-12-09,1670544000,17229.61,17342.02,17060.97,17127.7,81758,178,0,17057.283861799835,17035.442454752563,17017.684439660792,16981.37927994506
2022-12-10,1670630400,17127.18,17219.46,17085.27,17124.04,78285,508,0,17072.11855917765,17048.099246930768,17027.353126964354,16982.79878959735
2022-12-11,1670716800,17123.98,17261.2,17068.77,17092.27,78790,457,0,17076.596657138172,17054.40935451209,17033.254660876682,16983.888055372503
2022-12-12,1670803200,17084.84,17242.14,16879.83,17213.88,82866,733,0,17107.10406666302,17077.190875296077,17049.67514625153,16986.176532433474
2022-12-13,1670889600,17214.45,17961.92,17093.95,17767.94,84933,442,0,17253.95649629346,17175.869321682352,17114.971951137755,16993.955273404285
2022-12-14,1670976000,17767.85,18363.11,17670.37,17803.75,86637,102,0,17376.13283045047,17265.566561442018,17177.588137397957,17002.012932375386
2022-12-15,1671062400,17804.13,17851.4,17276.76,17356.78,85165,538,0,17371.83220146148,17278.597052664587,17193.878306725415,17005.542952948766
2022-12-16,1671148800,17359.38,17524.83,16532.06,16625.77,86948,370,0,17206.040601136705,17185.336045141074,17142.232097023105,17001.76411759604
2022-12-17,1671235200,16624.28,16793.39,16587.1,16772.91,83376,1033,0,17109.789356439658,17126.41803869235,17108.657360930094,16999.48696219708
2022-12-18,1671321600,16771.69,16837.11,16659.79,16733.05,82059,522,0,17026.069499453068,17070.222604593444,17074.511237209175,16996.83584814537
2022-12-19,1671408000,16735.7,16812.99,16273.96,16438.93,84521,187,0,16895.594055130165,16980.037946794382,17016.731124735612,16991.284546173774
2022-12-20,1671494400,16439.47,17047.94,16394.01,16901.3,85051,817,0,16896.862042879016,16968.7896686809,17006.237386123285,16990.38917755513
2022-12-21,1671580800,16902.62,16928.27,16733.51,16831.4,83272,826,0,16882.314922239235,16949.16257315506,16990.343078293896,16988.807195688914
2022-12-22,1671667200,16827.65,16865.67,16564.36,16821.04,81674,513,0,16868.698272852736,16930.859348418624,16974.951889358086,16987.137870358678
2022-12-23,1671753600,16820.79,16932.39,16753.87,16782.65,80739,388,0,16849.57643444102,16909.686584358824,16957.469899416443,16985.10316518098
2022-12-24,1671840000,16784.18,16864.3,16779.78,16842.81,79184,697,0,16848.072782343017,16900.13278659328,16947.046272196767,16983.687312791117
2022-12-25,1671926400,16842.82,16857.76,16713.48,16833.64,80791,155,0,16844.865497377905,16890.633817079957,16936.73661108797,16982.194304703644
2022-12-26,1672012800,16833.16,16940.49,16799.76,16926.02,81317,695,0,16862.899831293926,16895.688986068537,16935.762373716338,16981.635356398136
2022-12-27,1672099200,16925.65,16971.41,16594.0,16702.79,82175,712,0,16827.319868784165,16868.131988058747,16914.583067014853,16978.86077573746
2022-12-28,1672185600,16701.64,16780.3,16461.04,16542.27,83526,872,0,16763.975453498795,16821.58027547893,16880.736424558956,16974.5165889142
2022-12-29,1672272000,16542.59,16657.67,16483.2,16632.56,82448,868,0,16734.77201938795,16794.57737898194,16858.174931417234,16971.114035790677
2022-12-30,1672358400,16633.49,16651.38,16328.68,16593.62,82338,917,0,16703.404903968407,16765.86918198452,16834.124483106574,16967.357876230573
2022-12-31,1672444800,16594.44,16631.52,16469.72,16529.71,78625,612,0,16664.80603641987,16732.132155986732,16806.450439187796,16963.00317099445
2023-01-01,1672531200,16529.87,16617.17,16488.95,16598.07,80166,684,0,16649.975806104347,16712.9804194172,16787.506762897996,16959.37199516366
2023-01-02,1672617600,16597.69,16765.21,16529.69,16661.37,82600,1194,0,16652.50784919227,16705.6075023576,16776.03978445272,16956.406801181933
2023-01-03,1672704000,16661.13,16770.29,16590.06,16659.66,82328,920,0,16654.09721603843,16699.043573449373,16765.45980404793,16953.454096692563
2023-01-04,1672790400,16658.23,16985.08,16635.72,16835.37,83413,595,0,16694.38005691878,16718.51877724232,16771.815276407207,16952.279130556322
2023-01-05,1672876800,16836.8,16865.74,16747.57,16812.2,82394,827,0,16720.562266492387,16731.901809064846,16775.48661491564,16950.885308361732
2023-01-06,1672963200,16813.06,17026.23,16633.55,16940.52,82754,814,0,16769.441762827413,16761.70440776987,16790.489649923307,16950.7821709651
2023-01-07,1673049600,16940.36,16966.35,16891.16,16935.4,80209,674,0,16806.32137108799,16786.518063802745,16803.663318112096,16950.629114537587
2023-01-08,1673136000,16932.69,17150.19,16897.25,17111.85,80181,639,0,16874.216621957326,16832.994054688068,16831.680289192813,16952.233302452638
2023-01-09,1673222400,17114.76,17387.53,17089.93,17165.66,83997,739,0,16938.981817077918,16880.5177611612,16862.042081084375,16954.356951184454
2023-01-10,1673308800,17164.94,17485.63,17132.04,17438.09,83730,788,0,17049.89474661616,16960.170938138173,16914.41007371307,16959.170215351773
2023-01-11,1673395200,17437.66,17985.47,17301.61,17925.05,84397,669,0,17244.37369181257,17098.010804118436,17006.286430648244,16968.780959477626
2023-01-12,1673481600,17927.21,19083.83,17894.15,18833.81,91387,249,0,17597.581760298664,17345.9821178158,17172.42493695295,16987.338462368396
2023-01-13,1673568000,18834.68,19962.89,18696.15,19901.8,89550,656,0,18109.630258010075,17711.09895812783,17420.5499426845,17016.338079658264
2023-01-14,1673654400,19899.29,21260.52,19860.87,20950.68,98148,559,0,18740.974645118946,18173.896249823854,17741.47085698591,17055.485760457683
2023-01-15,1673740800,20947.35,21031.7,20542.02,20855.95,88236,1306,0,19210.969168425847,18557.046785563303,18024.605324532648,17093.301325030247
2023-01-16,1673827200,20856.16,21440.37,20606.39,21172.56,91473,992,0,19646.878242108993,18930.691530482833,18310.783022302407,17133.89096358716
2023-01-17,1673913600,21172.21,21570.93,20849.26,21122.52,90466,1053,0,19974.798632751437,19243.809883271,18566.39547482037,17173.578814695746
2023-01-18,1674000000,21123.61,21627.63,20388.5,20650.17,92803,622,0,20124.881158806675,19444.71847137514,18755.82952256397,17208.171761813202
2023-01-19,1674086400,20650.35,21172.36,20631.21,21064.67,86657,877,0,20333.7231235163,19676.14011832155,18965.72411142179,17246.544878611083
2023-01-20,1674172800,21064.32,22715.35,20846.9,22651.7,89835,1202,0,20848.829096068235,20101.220101418472,19300.812828565264,17300.327516634854
2023-01-21,1674259200,22651.27,23317.53,22427.6,22777.16,93248,649,0,21277.34707471974,20483.497229787263,19616.844389604787,17354.823362240477
2023-01-22,1674345600,22777.45,23061.86,22310.1,22706.76,90535,1001,0,21594.994391448687,20801.10619696051,19897.745808731623,17408.076463113706
2023-01-23,1674432000,22706.19,23141.97,22497.88,22905.44,89762,1291,0,21886.20452668231,21101.725311680442,20171.17255339238,17462.776597809094
2023-01-24,1674518400,22905.84,23135.84,22466.35,22626.71,89345,1580,0,22050.761298530688,21319.580267154666,20394.40323035671,17514.15901972144
2023-01-25,1674604800,22627.43,23793.42,22313.48,23033.48,92926,1101,0,22269.143232190538,21564.42308613257,20634.31930032428,17569.07763644063
2023-01-26,1674691200,23037.03,23260.71,22841.54,22984.16,90995,994,0,22428.035847259307,21767.24264525649,20847.94118211298,17622.95905299346
2023-01-27,1674777600,22980.83,23472.61,22516.89,23049.18,89367,1141,0,22566.067881201685,21950.376553076996,21048.05380192089,17676.951301222383
2023-01-28,1674864000,23049.6,23178.13,22857.02,22999.93,83996,1601,0,22662.481685379087,22100.31275978028,21225.497092655358,17729.916263399275
2023-01-29,1674950400,23000.04,23932.73,22951.98,23714.68,88592,924,0,22896.303533072623,22330.936651240245,21451.786447868508,17789.46615132565
2023-01-30,1675036800,23712.36,23773.03,22502.23,22804.51,90144,915,0,22875.904970167598,22398.58998677735,21574.761316244098,17839.367085143305
2023-01-31,1675123200,22802.8,23269.84,22699.09,23114.29,87017,1148,0,22928.879421241465,22500.83284580916,21714.718469312815,17891.853880316008
2023-02-01,1675209600,23113.91,23788.89,22761.19,23711.14,89328,1168,0,23102.71510541003,22673.733867836425,21896.21133573892,17949.757224790475
2023-02-02,1675296000,23711.54,24223.5,23351.15,23470.65,90244,1750,0,23184.478415318914,22787.57902957408,22039.342123399016,18004.691481260223
2023-02-03,1675382400,23472.03,23693.86,23207.57,23416.6,87992,928,0,23236.060989692487,22877.439168206358,22164.547384908197,18058.541317267584
2023-02-04,1675468800,23417.89,23570.26,23236.38,23317.04,83491,1619,0,23254.05632531638,22940.239287034023,22269.31944082563,18110.864687245023
2023-02-05,1675555200,23313.56,23406.2,22761.81,22937.66,85529,1193,0,23183.746030801627,22939.870817457733,22330.077673477845,18158.89250130229
2023-02-06,1675641600,22935.33,23141.14,22640.18,22766.88,87067,1123,0,23091.109135067934,22915.157843535202,22369.78697588895,18204.74312317988
2023-02-07,1675728000,22766.95,23324.57,22750.46,23231.24,86734,1564,0,23122.24932727506,22960.31243731589,22448.10088717177,18254.758017476597
2023-02-08,1675814400,23231.29,23423.13,22690.88,22961.5,85941,1568,0,23086.52725454727,22960.48208912791,22494.77353379252,18301.591271034045
2023-02-09,1675900800,22961.3,22997.8,21698.14,21803.71,91051,939,0,22801.456753536764,22795.22893353821,22431.949576175015,18336.43822356107
2023-02-10,1675987200,21804.44,21942.01,21465.78,21616.69,87495,1465,0,22538.175252750814,22626.866228747036,22357.835069250013,18369.077544719665
2023-02-11,1676073600,21616.76,21894.31,21593.79,21856.02,83266,952,0,22386.58519658397,22516.745338926034,22312.21551750001,18403.773489548326
2023-02-12,1676160000,21854.57,22077.38,21632.21,21773.05,84006,686,0,22250.244041787533,22410.50314765089,22263.200470454558,18437.298628955807
2023-02-13,1676246400,21772.56,21885.17,21357.76,21769.01,87586,1106,0,22143.303143612524,22318.86126941505,22218.274064049598,18470.44998588162
2023-02-14,1676332800,21767.52,22318.15,21543.37,22190.4,89177,715,0,22153.76911169863,22300.509659498617,22215.740058226904,18507.464413882797
2023-02-15,1676419200,22184.96,24349.08,22032.92,24305.37,90863,1038,0,22631.90264243227,22586.918279570244,22405.706416569912,18565.155016729736
2023-02-16,1676505600,24305.03,25212.76,23501.42,23509.02,93503,990,0,22826.817610780654,22718.647096774497,22506.007651427193,18614.347703130436
2023-02-17,1676592000,23510.22,24986.69,23346.77,24547.7,93770,624,0,23209.235919496063,22979.940368663854,22691.616046751995,18673.38603444257
2023-02-18,1676678400,24551.1,24835.13,24419.13,24605.56,85336,830,0,23519.53015960805,23212.171744569023,22865.610951592724,18732.412641065035
2023-02-19,1676764800,24606.11,25149.81,24176.46,24256.58,88622,863,0,23683.319013028482,23361.372923916308,22992.062683266115,18787.379480457425
2023-02-20,1676851200,24252.25,25077.76,23848.12,24811.49,90776,927,0,23934.02367679993,23568.532506213982,23157.465166605558,18847.320878661827
2023-02-21,1676937600,24809.92,25218.5,24140.67,24439.57,91213,866,0,24046.367304177722,23692.9664338977,23274.020151459597,18902.96514852589
2023-02-22,1677024000,24440.83,24467.0,23566.38,24157.73,91888,985,0,24071.114569916004,23759.361229055175,23354.357410417815,18955.251365953496
2023-02-23,1677110400,24158.38,24590.08,23590.14,23931.49,93070,726,0,24040.08688771245,23783.951053475867,23406.82400947074,19004.766178232567
2023-02-24,1677196800,23931.76,24118.03,22826.51,23177.97,91062,1063,0,23848.505357109683,23697.382331550743,23386.019099518853,19046.290594369555
2023-02-25,1677283200,23176.32,23207.45,22751.21,23144.48,85235,1137,0,23692.055277751973,23618.396284186354,23364.060999562593,19087.06859840568
2023-02-26,1677369600,23147.62,23672.93,23047.42,23545.06,86096,671,0,23659.389660473757,23607.919672159733,23380.51545414781,19131.42672180463
2023-02-27,1677456000,23549.09,23887.88,23100.62,23490.19,89865,1020,0,23621.789735924034,23591.10114756549,23390.4858674071,19174.797500692144
2023-02-28,1677542400,23490.83,23592.38,23026.08,23128.58,87447,1074,0,23512.18757238536,23525.02669791328,23366.676243097365,19214.138620088244
2023-03-01,1677628800,23131.1,23972.93,23011.32,23623.22,89433,1162,0,23536.861445188613,23539.054312497097,23389.998402815785,19258.01007660478
2023-03-02,1677715200,23623.11,23789.18,23183.2,23467.56,87426,1094,0,23521.461124035588,23528.840839283228,23397.04945710526,19299.896145494287
2023-03-03,1677801600,23467.73,23479.08,21975.94,22342.61,90958,902,0,23259.494207583233,23359.379290814195,23301.191324641142,19330.171905240615
2023-03-04,1677888000,22344.46,22391.44,22160.58,22329.64,80780,1438,0,23052.859939231403,23212.27367784074,23212.868476946493,19360.017358919813
2023-03-05,1677974400,22329.65,22625.94,22189.04,22420.44,83222,1461,0,22912.322174957757,23099.15458100635,23140.82952449681,19390.469325497725
2023-03-06,1678060800,22420.4,22583.61,22239.79,22390.39,84160,1447,0,22796.337247189367,22997.902498005446,23072.607749542556,19420.319282457946
2023-03-07,1678147200,22389.28,22541.94,21929.5,22195.35,87038,1393,0,22662.78452559173,22883.252141147525,22992.857045038687,19447.93152840364
2023-03-08,1678233600,22195.77,22272.1,21585.4,21696.01,87987,1071,0,22447.9457421269,22713.646120983594,22874.961859126077,19470.300468419522
2023-03-09,1678320000,21697.09,21818.21,20046.55,20352.93,91987,814,0,21982.386688320923,22376.400960843082,22645.686235569163,19479.082851818333
2023-03-10,1678406400,20353.26,20355.21,19552.34,20208.05,97381,376,0,21588.08964647183,22066.6365378655,22424.08294142651,19486.336256277853
2023-03-11,1678492800,20210.2,20861.95,19874.33,20584.05,92511,393,0,21364.969725033647,21854.83846102757,22256.807219478644,19497.258781091008
2023-03-12,1678579200,20584.48,22174.88,20412.94,22103.69,90703,27,0,21529.12978613728,21890.388680880777,22242.887472253315,19523.19342008513
2023-03-13,1678665600,22103.32,24582.14,21869.35,24185.38,95476,112,0,22119.407611440107,22218.244583612097,22419.47770204847,19569.58333630319
2023-03-14,1678752000,24184.64,26484.03,24041.55,24712.07,106302,310,0,22695.55480889786,22574.5053573818,22627.895183680426,19620.75235783251
2023-03-15,1678838400,24708.59,25233.93,23905.07,24338.39,104525,524,0,23060.62929580945,22826.48887775583,22783.39471243675,19667.69402591378
2023-03-16,1678924800,24337.26,25197.12,24177.32,25046.04,96967,400,0,23501.83167451846,23143.567609505,22989.089738578863,19721.20990625295
2023-03-17,1679011200,25043.36,27758.17,24922.94,27415.1,103154,160,0,24371.446857958803,23753.78652243286,23391.454307798966,19797.766026588743
2023-03-18,1679097600,27414.91,27705.14,26619.91,26944.59,95653,1012,0,24943.256445079067,24209.61559065674,23714.466643453605,19868.878702941092
2023-03-19,1679184000,26946.65,28402.97,26864.25,28002.39,95639,419,0,25623.063901728165,24751.440506277206,24104.277857685094,19949.809163608345
2023-03-20,1679270400,28005.96,28503.98,27177.67,27761.2,101565,197,0,26098.20525689968,25181.406148237606,24436.72532516827,20027.53444556249
2023-03-21,1679356800,27760.42,28467.68,27364.46,28150.58,95778,325,0,26554.288533144194,25605.573841346522,24774.3484774257,20108.360769487244
2023-03-22,1679443200,28148.47,28856.75,26623.69,27277.59,95479,230,0,26715.02219244548,25844.433292582737,25001.91588856882,20179.696383721202
2023-03-23,1679529600,27277.85,28778.32,27134.32,28312.82,92098,349,0,27070.088371902042,26197.05996507092,25302.9071714262,20260.622986868257
2023-03-24,1679616000,28314.29,28385.09,27000.49,27459.86,91532,450,0,27156.704289257144,26377.459970060787,25498.993792205634,20332.257186003895
2023-03-25,1679702400,27461.88,27783.07,27168.34,27471.01,86633,988,0,27226.550002755557,26533.68140290925,25678.26799291421,20403.289552312315
2023-03-26,1679788800,27471.48,28203.72,27423.0,27974.28,86339,995,0,27392.71222436543,26739.481202493644,25886.996357194737,20478.622790597765
2023-03-27,1679875200,27975.81,28027.98,26504.12,27114.6,89702,169,0,27330.90950783978,26793.06960213741,25998.596688358848,20544.65241457192
2023-03-28,1679961600,27112.82,27487.58,26627.05,27256.25,88841,597,0,27314.318506097607,26859.238230403495,26112.92880759895,20611.434480098567
2023-03-29,1680048000,27255.5,28642.99,27231.47,28331.38,87004,276,0,27540.33217140925,27069.54419748871,26314.60618872632,20688.249858406045
2023-03-30,1680134400,28332.43,29168.23,27665.93,28011.11,90394,84,0,27644.94946665164,27204.053597847465,26468.833807933017,20761.114138421908
2023-03-31,1680220800,28009.79,28647.48,27509.02,28453.24,89705,501,0,27824.5695851735,27382.508798154973,26649.2343708482,20837.65270420876
2023-04-01,1680307200,28455.2,28808.72,28198.1,28453.21,84443,972,0,27964.267455134945,27535.466112704264,26813.232155316546,20913.429393719118
2023-04-02,1680393600,28454.09,28533.25,27859.74,28170.22,85069,1015,0,28010.034687327177,27626.1452394608,26936.594686651406,20985.636265423407
2023-04-03,1680480000,28172.44,28488.62,27188.24,27810.43,88849,1286,0,27965.67809014336,27652.47163382354,27016.034260592187,21053.54466079233
2023-04-04,1680566400,27809.86,28432.67,27667.67,28164.56,87141,1219,0,28009.874070111502,27725.627114705894,27120.445691447443,21124.301032326734
2023-04-05,1680652800,28164.67,28768.97,27810.95,28162.42,88009,1417,0,28043.773165642277,27788.02609831934,27215.170628588585,21194.332066830946
2023-04-06,1680739200,28162.21,28183.89,27692.11,28027.03,85564,1297,0,28040.052462166215,27822.16951284515,27288.976025989625,21262.319110942084
2023-04-07,1680825600,28025.72,28099.97,27762.03,27898.83,83374,2254,0,28008.669692795942,27833.12101101013,27344.417296354204,21328.354045161566
2023-04-08,1680912000,27898.72,28147.64,27857.64,27925.17,82026,1438,0,27990.114205507954,27846.27086658011,27397.212996685637,21393.9940049112
2023-04-09,1680998400,27926.95,28524.19,27793.97,28323.15,83553,1204,0,28064.12215983952,27914.39645706867,27481.389087896034,21462.94083073298
2023-04-10,1681084800,28321.69,29740.85,28147.8,29610.44,86814,1052,0,28407.748346541848,28156.688391773147,27674.939170814574,21544.010474208277
2023-04-11,1681171200,29611.28,30531.03,29569.18,30202.13,87506,1051,0,28806.499825088104,28448.894335805555,27904.68379164961,21630.16091725098
2023-04-12,1681257600,30198.38,30470.89,29639.19,29894.57,86800,1015,0,29048.293197290746,28655.419430690476,28085.582537863284,21712.39384344749
2023-04-13,1681344000,29894.53,30586.94,29863.03,30386.42,85409,1076,0,29345.654709003913,28902.705226306123,28294.74957987571,21798.702561423142
2023-04-14,1681430400,30388.0,30995.58,29986.52,30483.75,87370,994,0,29598.564773669706,29128.56876540525,28493.74961806883,21885.120943896545
2023-04-15,1681516800,30483.68,30602.06,30214.0,30311.18,82332,1029,0,29756.923712854215,29297.513227490213,28658.970561880753,21968.962327539368
2023-04-16,1681603200,30305.91,30550.87,30124.66,30300.59,82905,1033,0,29877.738443331058,29440.809909277326,28808.208692618864,22051.86409542455
2023-04-17,1681689600,30297.09,30320.62,29231.05,29451.89,85555,519,0,29783.105455924157,29442.392779380567,28866.72517510806,22125.496193977542
2023-04-18,1681776000,29452.57,30485.54,29110.27,30386.86,86771,908,0,29917.273132385457,29577.316668040487,29004.919250098235,22207.69881891309
2023-04-19,1681862400,30387.65,30416.5,28581.76,28793.2,91327,181,0,29667.479102966467,29465.300001177562,28985.672045543848,22273.226193849277
2023-04-20,1681948800,28788.47,29077.26,27982.87,28228.01,89824,1990,0,29347.597080085026,29288.544286723623,28916.793677767135,22332.47777400998
2023-04-21,1682035200,28225.55,28349.06,27122.38,27234.47,90382,1217,0,28878.013284510576,28995.105102905964,28763.855161606483,22381.253816059634
2023-04-22,1682121600,27234.79,27865.36,27108.88,27797.66,84940,2002,0,28637.934776841557,28824.04151677654,28676.019237824075,22435.14840495456
2023-04-23,1682208000,27800.24,27801.41,27306.83,27584.55,85024,2070,0,28403.849270876766,28646.971300094177,28576.79476165825,22486.38623177093
2023-04-24,1682294400,27579.48,27978.21,26959.71,27498.43,88183,2088,0,28202.64498845971,28482.893971509297,28478.7616015075,22536.25731404187
2023-04-25,1682380800,27499.21,28387.84,27176.76,28303.76,86862,1289,0,28225.11499102422,28457.30340415083,28462.852365006816,22593.645400469315
2023-04-26,1682467200,28303.76,30033.14,27211.58,28417.13,97191,51,0,28267.78499301884,28451.564346414998,28458.69578636983,22651.590520862657
2023-04-27,1682553600,28420.11,29874.7,28380.63,29496.72,96893,128,0,28540.881661236876,28600.872296927144,28553.06162397257,22719.7012619486
2023-04-28,1682640000,29499.03,29616.56,28908.72,29346.24,89806,439,0,28719.850180962014,28707.353397366125,28625.16874906597,22785.636970784934
2023-04-29,1682726400,29346.34,29476.73,29044.19,29250.37,84871,1007,0,28837.743474081566,28784.927197742396,28682.00522642361,22849.96267256817
2023-04-30,1682812800,29252.26,29949.31,29103.83,29255.03,86742,1062,0,28930.47381317455,28852.084740922055,28734.09838765783,22913.69468577645
2023-05-01,1682899200,29256.03,29364.49,27642.93,28073.81,91263,784,0,28740.10407691354,28740.902635076047,28674.072170598025,22965.039116763746
2023-05-02,1682985600,28075.03,28891.9,27858.63,28670.12,89132,1824,0,28724.552059821643,28730.790830065183,28673.71288236184,23021.806090726295
2023-05-03,1683072000,28669.42,29280.25,28113.76,29036.92,92815,602,0,28793.967157639057,28774.5235686273,28706.731711238037,23081.65797042056
2023-05-04,1683158400,29035.18,29377.9,28676.55,28840.21,87600,1462,0,28804.24334483038,28783.90734453769,28718.866101125488,23138.956995590506
2023-05-05,1683244800,28842.13,29688.98,28819.7,29530.0,94478,1049,0,28965.52260153474,28890.492009603735,28792.605546477716,23202.549463296073
2023-05-06,1683331200,29531.27,29850.81,28377.18,28908.73,117906,1158,0,28952.902023415907,28893.097436803204,28803.16231497974,23259.32737908417
2023-05-07,1683417600,28908.55,29189.51,28411.64,28462.5,113932,1158,0,28843.92379599015,28831.58351725989,28772.193013617947,23311.10024098383
2023-05-08,1683504000,28462.62,28669.49,27267.42,27681.43,140595,1500,0,28585.591841325673,28667.275871937047,28673.032739652677,23354.586109232747
2023-05-09,1683590400,27681.28,27829.39,27359.4,27634.83,120238,1277,0,28374.311432142193,28519.78360451747,28578.650672411524,23397.175600683167
2023-05-10,1683676800,27633.32,28320.15,26809.48,27607.33,135699,868,0,28203.871113888374,28389.433089586404,28490.348793101388,23439.06768425846
2023-05-11,1683763200,27608.64,27634.46,26716.69,26989.72,133287,1269,0,27934.05975524651,28189.47407678835,28353.927993728532,23474.397558046938
2023-05-12,1683849600,26989.49,27095.7,25814.09,26801.14,135070,1100,0,27682.299809636177,27991.140637247157,28212.76544884412,23507.499472892243
2023-05-13,1683936000,26802.26,27042.91,26693.58,26781.74,103698,999,0,27482.175407494804,27818.369117640425,28082.672226221926,23540.07898062466
2023-05-14,1684022400,26783.36,27197.17,26573.39,26922.97,101656,1023,0,27357.907539162625,27690.45495797751,27977.244751110844,23573.739587782627
2023-05-15,1684108800,26923.45,27680.1,26716.23,27169.06,114669,351,0,27315.94141934871,27615.969963980722,27903.773410100766,23609.5139202425
2023-05-16,1684195200,27168.17,27296.47,26852.99,27042.51,113415,771,0,27255.178881715663,27534.047111983476,27825.476736455243,23643.673085215214
2023-05-17,1684281600,27042.22,27490.77,26546.5,27414.48,118473,1271,0,27290.579130223294,27516.966095985837,27788.113396777495,23681.193552028995
2023-05-18,1684368000,27415.56,27492.35,26357.28,26819.93,122543,851,0,27185.99043461812,27417.389510845005,27700.096724343173,23712.42476046652
2023-05-19,1684454400,26820.5,27184.07,26634.34,26889.73,108704,1980,0,27120.154782480764,27342.00958072429,27626.427022130156,23744.03973797432
2023-05-20,1684540800,26888.1,27152.06,26836.46,27119.69,90845,1183,0,27120.051497485038,27310.249640620823,27580.360020118325,23777.628297795472
2023-05-21,1684627200,27118.07,27274.84,26656.22,26751.94,98915,1212,0,27038.24894248836,27230.491120532133,27505.049109198477,23807.22343911094
2023-05-22,1684713600,26752.14,27088.87,26529.7,26845.45,97555,1937,0,26995.404733046504,27175.4852461704,27445.085553816796,23837.454549169543
2023-05-23,1684800000,26843.2,27490.37,26794.04,27222.88,106321,1192,0,27045.954792369503,27182.25592528892,27424.88504892436,23871.14037455094
2023-05-24,1684886400,27223.86,27225.1,26055.34,26309.72,116687,1179,0,26882.347060731838,27057.607935961933,27323.506408113055,23895.404848436006
2023-05-25,1684972800,26307.96,26612.24,25863.96,26476.18,112850,1898,0,26792.08771390254,26974.546802253088,27246.47673464823,23921.084203177936
2023-05-26,1685059200,26476.19,26931.55,26323.11,26706.98,103668,1728,0,26773.174888590864,26936.32297335979,27197.431576952935,23948.80455936522
2023-05-27,1685145600,26707.21,26897.69,26544.51,26874.26,90670,1113,0,26795.63824668178,26927.456834308396,27168.052342684485,23977.913568724773
2023-05-28,1685232000,26875.45,28257.21,26769.85,28077.22,107752,400,0,27080.43419186361,27091.70871512148,27250.703947894985,24018.70268744393
2023-05-29,1685318400,28076.32,28475.79,27528.6,27752.11,111368,626,0,27229.695482560586,27186.051755818415,27296.286316268168,24055.851018912148
2023-05-30,1685404800,27753.35,28073.26,27566.49,27711.66,108895,1115,0,27336.798708658236,27261.138647844356,27334.047560243787,24092.227227679192
2023-05-31,1685491200,27710.13,27857.71,26838.63,27219.08,116051,1973,0,27310.63899562307,27255.130269580877,27323.595963857988,24123.340190587856
2023-06-01,1685577600,27220.49,27353.52,26614.13,26825.68,108008,1163,0,27202.870329929057,27193.780231069322,27278.330876234533,24150.22914391534
2023-06-02,1685664000,26826.14,27298.16,26479.62,27243.57,110984,1556,0,27211.914701055935,27200.893055202276,27275.170796576847,24181.00865492116
2023-06-03,1685750400,27244.72,27328.62,26919.23,27072.3,92383,1798,0,27180.889211932394,27182.52261874481,27256.727996888043,24209.7777230314
2023-06-04,1685836800,27073.73,27463.37,26945.78,27113.7,95732,1958,0,27165.958275947418,27172.690816066985,27243.7254517164,24238.67247205596
2023-06-05,1685923200,27110.59,27134.62,25375.87,25732.16,129892,1079,0,26847.336436847992,26966.90069948599,27106.310410651273,24253.533044473315
2023-06-06,1686009600,25734.02,27367.18,25336.06,27247.12,126927,1169,0,26936.17722865955,27006.932028130846,27119.11128241025,24283.31997935418
2023-06-07,1686096000,27248.2,27392.35,26129.41,26341.67,136712,1723,0,26804.06451117965,26911.89459554073,27048.434802191136,24303.801074086972
2023-06-08,1686182400,26342.71,26820.08,26197.75,26511.33,110123,1557,0,26739.012397584174,26854.671081892055,26999.607092901035,24325.766536036357
2023-06-09,1686268800,26509.8,26784.04,26279.32,26484.78,103036,1868,0,26682.516309232138,26801.829498764622,26952.80462991003,24347.249257070824
2023-06-10,1686355200,26483.94,26533.78,25386.05,25863.91,137261,1086,0,26500.60379606944,26667.84099894111,26853.81420900912,24362.340408741762
2023-06-11,1686441600,25862.41,26221.99,25647.59,25933.22,107988,1524,0,26374.51850805401,26562.89514194952,26770.123826371928,24377.97105144085
2023-06-12,1686528000,25932.69,26113.77,25618.31,25901.23,110595,1618,0,26269.34328404201,26468.371550242446,26691.133478519932,24393.12785689915
2023-06-13,1686614400,25902.05,26425.33,25698.6,25928.88,119868,748,0,26193.684776477123,26391.301328779242,26621.83770774539,24408.4089727509
2023-06-14,1686700800,25926.98,26080.96,24805.38,25117.79,126141,1019,0,25954.597048371095,26209.371138953637,26485.106097950356,24415.46749043497
2023-06-15,1686787200,25115.99,25746.25,24756.01,25586.65,120889,1687,0,25872.831037621963,26120.410976245978,26403.42827086396,24427.121047744076
2023-06-16,1686873600,25585.53,26484.17,25180.23,26346.19,118554,719,0,25978.021918150414,26152.665122496554,26398.224791694505,24446.21626119936
2023-06-17,1686960000,26346.24,26772.42,26179.25,26516.42,100099,769,0,26097.66593633921,26204.63010499705,26408.96981063137,24466.815303376483
2023-06-18,1687046400,26516.74,26693.66,26244.62,26343.9,105504,355,0,26152.38461715272,26224.52580428319,26403.054373301246,24485.49276304438
2023-06-19,1687132800,26344.89,27051.19,26254.16,26846.06,112422,620,0,26306.534702229892,26313.316403671306,26443.32761209204,24508.980994257872
2023-06-20,1687219200,26847.23,28418.11,26646.23,28325.58,131945,151,0,26755.211435067693,26600.782631718266,26614.441465538217,24546.957103767745
2023-06-21,1687305600,28325.7,30739.6,28271.77,29987.78,154241,88,0,27473.56000505265,27084.639398615658,26921.108605034744,24601.094645023786
2023-06-22,1687392000,29988.41,30496.74,29565.51,29880.65,139898,126,0,28008.468892818724,27484.06948452771,27190.157822758854,24653.62753412803
2023-06-23,1687478400,29882.02,31401.59,29800.55,30707.95,132160,131,0,28608.35358330345,27944.623843880894,27509.957111598957,24713.869548713825
2023-06-24,1687564800,30709.49,30814.95,30260.91,30544.55,101754,1053,0,29038.61945368046,28316.041866183627,27785.829192362686,24771.886269622148
2023-06-25,1687651200,30545.47,31048.14,30290.25,30472.31,117335,423,0,29357.217352862583,28624.08017101454,28030.054720329714,24828.60690375526
2023-06-26,1687737600,30473.22,30655.13,29923.05,30268.55,134723,1430,0,29559.73571889312,28859.004432298178,28233.554291208828,24882.73569078257
2023-06-27,1687824000,30267.1,31017.07,30222.92,30705.15,127193,1436,0,29814.272225805762,29122.73951339844,28458.244810189844,24940.670161521055
2023-06-28,1687910400,30703.38,30719.18,29845.53,30068.89,127386,1425,0,29870.853953404483,29257.903868627236,28604.667100172584,24991.697224590498
2023-06-29,1687996800,30068.56,30834.35,30037.11,30447.49,120469,1267,0,29998.995297092377,29427.844744537633,28772.19645470235,25045.983719868207
2023-06-30,1688083200,30448.6,31269.15,29447.66,30468.62,162939,383,0,30103.35634218296,29576.526923889403,28926.416777002134,25099.940299770016
2023-07-01,1688169600,30469.44,30660.48,30309.21,30592.83,104554,748,0,30212.128266142303,29721.71307761949,29077.908888183756,25154.595918677776
2023-07-02,1688256000,30591.29,30797.62,30147.74,30621.29,115073,841,0,30303.05309588846,29850.224066530995,29218.21626198523,25208.99088466108
2023-07-03,1688342400,30623.25,31378.97,30571.32,31147.59,127697,445,0,30490.727963468802,30035.562057026567,29393.613874532028,25268.081423122167
2023-07-04,1688428800,31147.37,31316.18,30613.35,30763.83,119511,311,0,30551.417304920178,30139.600334594204,29518.1789768473,25322.76548856374
2023-07-05,1688515200,30764.72,30880.98,30199.34,30500.15,124466,1368,0,30540.02457049347,30191.10742965218,29607.44906986118,25374.281752359126
2023-07-06,1688601600,30500.82,31487.64,29850.72,29889.76,162688,478,0,30395.521332606033,30148.05779684473,29633.1136998738,25419.211884176446
2023-07-07,1688688000,29887.9,30456.84,29697.03,30351.36,129166,1316,0,30385.707703138025,30177.100968724055,29698.40881806709,25468.287984831408
2023-07-08,1688774400,30351.37,30388.44,30032.08,30292.07,98232,1275,0,30364.89932466291,30193.52511604919,29752.378016424627,25516.28581582811
2023-07-09,1688860800,30292.61,30428.6,30057.86,30161.55,100826,767,0,30319.71058584893,30188.957242327877,29789.575469476935,25562.507349998974
2023-07-10,1688947200,30159.16,31052.24,29938.47,30413.02,119975,1104,0,30340.446011215834,30220.96620770961,29846.25224497903,25610.77115746167
2023-07-11,1689033600,30412.55,30806.57,30295.82,30630.68,115657,1117,0,30404.94245316787,30279.496749465383,29917.563859071844,25660.720499178467
2023-07-12,1689120000,30629.27,30969.19,30197.64,30372.51,119153,619,0,30397.735241352788,30292.784356684617,29958.92259915622,25707.603976798586
2023-07-13,1689206400,30371.04,31798.89,30240.5,31457.04,215695,457,0,30633.136298829944,30459.106591443957,30095.11509014202,25764.81229543741
2023-07-14,1689292800,31458.5,31618.15,29901.14,30307.75,237868,1228,0,30560.82823242329,30437.48422123768,30114.44553649274,25810.015655681815
2023-07-15,1689379200,30308.17,30389.02,30226.2,30274.14,93032,1098,0,30497.119736329227,30414.14933248944,30128.9632149934,25854.434803386474
2023-07-16,1689465600,30275.01,30440.42,30040.99,30227.59,93673,883,0,30437.224239367177,30387.497999276668,30137.929286357634,25897.94878544233
2023-07-17,1689552000,30228.37,30327.3,29657.89,30130.61,121274,1186,0,30369.087741730025,30350.799713665718,30137.263896688757,25940.06481742798
2023-07-18,1689638400,30131.61,30247.53,29499.18,29837.38,123739,1168,0,30250.93046579002,30277.4540402849,30110.001724262504,25978.84407297596
2023-07-19,1689724800,29837.42,30180.85,29736.03,29896.52,115553,1178,0,30172.17258450335,30223.034891672774,30090.594294784096,26017.8259229961
2023-07-20,1689811200,29896.45,30406.86,29552.32,29787.96,109941,1108,0,30086.792010169273,30160.881335719525,30063.08208616736,26055.339694906586
2023-07-21,1689897600,29787.77,30051.91,29707.92,29891.66,107385,995,0,30043.429341242765,30122.42114490245,30047.498260152144,26093.512036250802
2023-07-22,1689984000,29892.02,29988.87,29599.93,29776.19,131138,867,0,29984.042820966595,30072.959552773533,30022.833872865587,26130.155598079153
2023-07-23,1690070400,29777.14,30341.98,29711.25,30073.03,161642,670,0,30003.817749640686,30072.96961666303,30027.397157150535,26169.388179192792
2023-07-24,1690156800,30073.14,30088.13,28839.1,29180.91,169361,951,0,29820.949360831644,29945.532528568314,29950.44377922776,26199.353570444608
2023-07-25,1690243200,29179.91,29367.34,29046.83,29219.29,100446,1350,0,29687.247280646836,29841.783595915702,29883.97525384342,26229.40268914665
2023-07-26,1690329600,29220.27,29669.7,29093.25,29352.72,111162,1225,0,29612.90788494754,29771.917367927745,29835.679321675834,26260.480473334246
2023-07-27,1690416000,29352.8,29547.0,29071.16,29215.56,103763,1172,0,29524.6083549592,29692.43774393807,29779.30483788712,26289.884249718983
2023-07-28,1690502400,29215.86,29518.89,29112.92,29311.04,100499,996,0,29477.148720523823,29637.95235194692,29736.735307170107,26319.94550096556
2023-07-29,1690588800,29311.27,29400.15,29250.17,29348.04,89925,745,0,29448.457893740753,29596.536301668788,29701.399370154642,26350.07579448829
2023-07-30,1690675200,29345.39,29442.31,29027.81,29276.82,94318,824,0,29410.31613957614,29550.862544287535,29662.80124559513,26379.197627378955
2023-07-31,1690761600,29277.29,29501.82,29086.77,29213.83,104125,781,0,29366.652553003667,29502.715037960745,29621.98567781375,26407.402924618968
2023-08-01,1690848000,29214.37,29706.82,28559.34,29681.21,115613,480,0,29436.55420789174,29528.21431825207,29627.369707103408,26439.97811939888
2023-08-02,1690934400,29682.27,30029.31,28923.69,29168.13,116431,545,0,29376.904383915797,29476.773701358918,29585.62064282128,26467.123909255606
2023-08-03,1691020800,29166.94,29388.0,28928.9,29167.45,99476,998,0,29330.358965267842,29432.58460116479,29547.605129837528,26493.992825581423
2023-08-04,1691107200,29167.84,29300.51,28786.33,29085.78,91857,939,0,29276.008084097208,29383.041086712677,29505.621027125024,26519.781752690065
2023-08-05,1691193600,29085.96,29118.84,28949.71,29043.59,75008,945,0,29224.359620964493,29334.548074325154,29463.61820647729,26544.894272563797
2023-08-06,1691280000,29043.84,29171.98,28962.96,29055.84,73613,694,0,29186.910816305717,29294.732635135846,29426.5474604339,26569.878807165154
2023-08-07,1691366400,29052.71,29246.89,28671.28,29188.83,86986,714,0,29187.33730157111,29279.6036872593,29404.936782212633,26595.938023014256
2023-08-08,1691452800,29185.85,30198.89,29124.95,29746.86,92251,715,0,29311.675678999753,29346.3545890794,29436.020711102392,26627.290480496704
2023-08-09,1691539200,29746.85,30116.58,29324.54,29550.64,99692,842,0,29364.77886144425,29375.538219210917,29446.44064645672,26656.378535417134
2023-08-10,1691625600,29550.72,29696.3,29297.78,29402.45,91263,716,0,29373.150225567748,29379.382759323646,29442.441496778836,26683.702629592088
2023-08-11,1691712000,29401.46,29509.43,29206.51,29381.49,85020,1062,0,29375.003508774917,29379.683793705983,29436.900451617123,26710.546285019034
2023-08-12,1691798400,29381.67,29461.08,29328.11,29393.24,74691,647,0,29379.056062380492,29381.620394605132,29432.93131965193,26737.23975481984
2023-08-13,1691884800,29393.33,29428.25,29234.39,29269.2,78681,810,0,29354.643604073717,29365.560338232972,29418.046654229027,26762.43338910024
2023-08-14,1691971200,29270.04,29649.21,29057.52,29394.8,96563,1097,0,29363.56724761289,29369.737432771122,29415.933322026387,26788.626091696256
2023-08-15,1692057600,29394.45,29444.1,29037.58,29177.81,90442,1089,0,29322.28785925447,29342.319228089535,29394.285747296715,26812.399065908237
2023-08-16,1692144000,29177.9,29217.39,28678.48,28686.44,103840,556,0,29180.9883349757,29248.62219550532,29329.936133906103,26831.04623938179
2023-08-17,1692230400,28686.09,28740.95,25706.95,26630.75,228775,131,0,28614.268704981103,28874.640453290274,29084.555576278275,26829.05324197501
2023-08-18,1692316800,26630.79,26849.1,25622.59,26050.42,139287,211,0,28044.524548318634,28471.18038853452,28808.725069343887,26821.305647527497
2023-08-19,1692403200,26049.17,26276.55,25784.02,26089.48,107390,586,0,27610.070204247826,28130.937475886734,28561.520972130806,26814.023800288418
2023-08-20,1692489600,26088.3,26297.56,25951.77,26191.17,97314,647,0,27294.759047748306,27853.827836474346,28346.034520118912,26807.826250036793
2023-08-21,1692576000,26192.7,26238.22,25809.55,26111.98,111440,721,0,27031.919259359795,27604.992431263727,28142.938654653557,26800.902406752848
2023-08-22,1692662400,26112.8,26132.48,25352.02,26053.65,114742,723,0,26814.526090613173,27383.37208394034,27953.003322412325,26793.467059421975
2023-08-23,1692748800,26054.03,26826.08,25795.41,26434.76,121377,802,0,26730.133626032468,27247.856071948863,27814.981202193023,26789.897834950116
2023-08-24,1692835200,26434.48,26577.12,25857.7,26168.96,117617,476,0,26605.42837580303,27093.728061670456,27665.342911084565,26783.719349030216
2023-08-25,1692921600,26168.65,26293.16,25753.58,26030.1,116078,615,0,26477.577625624577,26941.781195717533,27516.68446462233,26776.220649039868
2023-08-26,1693008000,26028.92,26093.44,25953.97,25988.97,84077,866,0,26368.99815326356,26805.66531061503,27377.801331474842,26768.387309248425
2023-08-27,1693094400,25989.44,26156.95,25937.14,26068.86,85932,514,0,26302.30078587166,26700.4074090986,27258.806664977128,26761.426838509637
2023-08-28,1693180800,26069.01,26211.12,25838.89,26089.55,100507,681,0,26255.022833455732,26613.142064941658,27152.51060452466,26754.741496832925
2023-08-29,1693267200,26088.03,28143.34,25887.56,27715.24,127821,209,0,26579.51553713224,26770.584627092852,27203.667822295145,26764.298695869416
2023-08-30,1693353600,27714.09,27765.0,27035.53,27316.1,112068,505,0,26743.200973325074,26848.515394651018,27213.888929359222,26769.789256109525
2023-08-31,1693440000,27316.11,27538.34,25671.17,25936.87,130242,232,0,26564.01631258617,26718.2803382723,27097.796299417474,26761.50150231739
2023-09-01,1693526400,25936.41,26135.31,25293.37,25790.83,119874,282,0,26392.197132011464,26585.787432804827,26978.981181288615,26751.84307940876
2023-09-02,1693612800,25788.5,25987.17,25735.15,25859.12,92212,691,0,26273.735547120028,26481.977799546996,26877.175619353286,26742.960262698227
2023-09-03,1693699200,25860.38,26121.49,25783.12,25964.16,96053,433,0,26204.940981093354,26408.00382818314,26794.17419941208,26735.211006352973
2023-09-04,1693785600,25964.99,26096.79,25615.11,25811.38,101233,736,0,26117.48298529483,26322.77185272841,26704.829272192797,26726.018658031055
2023-09-05,1693872000,25813.21,25872.74,25538.27,25776.34,100197,993,0,26041.67343300709,26244.710159481496,26620.421156538905,26716.569119145173
2023-09-06,1693958400,25777.54,26006.75,25361.66,25739.57,113416,442,0,25974.53933678329,26172.54727955557,26540.343778671733,26706.847734875075
2023-09-07,1694044800,25740.08,26438.12,25585.55,26272.26,110191,253,0,26040.699484164783,26186.791953904776,26515.972526065212,26702.523478806666
2023-09-08,1694131200,26270.69,26455.58,25627.0,25900.19,106147,299,0,26009.475154350388,26145.84881763267,26459.992296422923,26694.540061107098
2023-09-09,1694217600,25899.87,25931.97,25783.62,25894.41,84275,562,0,25983.9051200503,26109.928986542287,26408.57572402084,26686.578567961755
2023-09-10,1694304000,25894.83,26020.56,25564.95,25834.27,96552,618,0,25950.652871150236,26070.54913132196,26356.36611274622,26678.097885693478
2023-09-11,1694390400,25834.82,25898.33,24881.65,25143.04,125384,841,0,25771.18334422796,25938.047826847396,26246.063738860197,26662.823677875633
2023-09-12,1694476800,25142.8,26534.52,25115.9,25829.75,134308,398,0,25784.198156621747,25922.57670872634,26208.217035327452,26654.534387548516
2023-09-13,1694563200,25828.59,26410.15,25755.81,26222.89,115968,187,0,25881.685232928026,25965.478607479723,26209.550941206773,26650.239418518184
2023-09-14,1694649600,26222.45,26839.89,26125.86,26514.36,117634,275,0,26022.27962561069,26043.89023498262,26237.26085564252,26648.887384503076
2023-09-15,1694736000,26515.33,26875.76,26220.5,26606.63,103139,45,0,26152.13526436387,26124.281629985104,26270.839868765925,26648.466913015483
2023-09-16,1694822400,26607.12,26775.07,26452.15,26557.64,87386,623,0,26242.247427838563,26186.18996855866,26296.91260796902,26647.56316263722
2023-09-17,1694908800,26558.36,26615.23,26406.13,26519.4,84779,591,0,26303.836888318885,26233.79140162171,26317.13873451729,26646.2879072876
2023-09-18,1694995200,26518.57,27431.35,26406.09,26766.27,116177,481,0,26406.599802025798,26309.85977281861,26357.968849561174,26647.48175895638
2023-09-19,1695081600,26761.11,27490.31,26675.43,27222.15,121370,830,0,26587.8331793534,26440.186948130242,26436.53077232834,26653.19985090706
2023-09-20,1695168000,27222.19,27404.89,26815.07,27120.2,118617,809,0,26706.136917274867,26537.331669825922,26498.68252029849,26657.846618559728
2023-09-21,1695254400,27121.92,27160.47,26369.17,26574.89,111901,822,0,26676.97093565823,26542.697145565075,26505.610472998625,26657.02117956909
2023-09-22,1695340800,26575.53,26736.58,26481.02,26576.29,99618,859,0,26654.597394400847,26547.496124770063,26512.035884544202,26656.217884249992
2023-09-23,1695427200,26576.55,26636.79,26510.29,26575.69,81229,715,0,26637.062417867324,26551.523821231483,26517.82262231291,26655.416611769895
2023-09-24,1695513600,26575.76,26727.75,26136.86,26259.14,87175,769,0,26553.079658341252,26509.754703912702,26494.306020284464,26651.473560906514
2023-09-25,1695600000,26253.88,26442.22,25995.43,26298.96,105046,1074,0,26496.60862315431,26479.64117478232,26476.547291167695,26647.965963285555
2023-09-26,1695686400,26299.45,26401.68,26078.46,26221.54,96145,1013,0,26435.48226245335,26442.769578384847,26453.36481015245,26643.722918874755
2023-09-27,1695772800,26221.52,26836.1,26096.82,26374.24,103711,362,0,26421.87287079705,26432.979638615587,26446.17164559314,26641.041496796402
2023-09-28,1695859200,26373.3,27292.17,26326.35,27026.02,116506,785,0,26556.12778839771,26517.699690241934,26498.885132357398,26644.872128669078
2023-09-29,1695945600,27025.78,27238.43,26682.58,26897.94,106129,283,0,26632.086057642664,26572.01973449309,26535.162847597636,26647.39021694103
2023-09-30,1696032000,26899.22,27092.98,26877.54,26951.25,85189,662,0,26703.011378166513,26626.195486708366,26572.988952361487,26650.413697369477
2023-10-01,1696118400,26951.24,28044.91,26945.68,27987.01,98083,345,0,26988.34440524062,26820.597560035745,26701.536320328625,26663.713163067292
2023-10-02,1696204800,27983.93,28577.69,27301.73,27493.48,134583,136,0,27100.596759631593,26916.72362288778,26773.53120029875,26671.969549504436
2023-10-03,1696291200,27495.03,27666.62,27156.14,27416.33,110297,724,0,27170.759701935684,26988.095962475243,26831.967454817044,26679.37612115116
2023-10-04,1696377600,27416.94,27822.7,27199.64,27782.17,108857,346,0,27306.62865706109,27101.53511069307,26918.34950437913,26690.349194572544
2023-10-05,1696464000,27780.74,28108.95,27347.3,27399.28,112046,749,0,27327.217844380848,27144.070094879775,26962.07045852648,26697.403232437493
2023-10-06,1696550400,27399.4,28248.13,27177.17,27914.68,116268,164,0,27457.764990073993,27254.157224182665,27048.671325933163,26709.515439079907
2023-10-07,1696636800,27916.27,28000.87,27815.46,27941.82,91721,744,0,27565.332770057546,27352.394763585144,27129.866659939238,26721.77717600449
2023-10-08,1696723200,27941.6,28083.11,27681.32,27904.41,94566,665,0,27640.683265600313,27431.254083072985,27200.27969085385,26733.544666790513
2023-10-09,1696809600,27905.53,27974.82,27281.87,27577.47,105080,752,0,27626.63587324469,27452.142071205417,27234.569718958046,26741.941933787624
2023-10-10,1696896000,27577.94,27700.57,27281.61,27384.09,103802,778,0,27572.736790301424,27442.4203467475,27248.16247178004,26748.331466784763
2023-10-11,1696982400,27385.13,27468.97,26512.02,26851.46,113548,555,0,27412.45305912333,27357.997440069288,27212.098610709127,26749.35762134412
2023-10-12,1697068800,26851.34,26925.04,26552.68,26752.19,90691,697,0,27265.7279348737,27271.453520059393,27170.288737008297,26749.38580421632
2023-10-13,1697155200,26750.95,27103.63,26648.59,26842.95,89995,670,0,27171.777282679544,27210.238731479483,27140.53067000754,26750.31679123904
2023-10-14,1697241600,26842.91,26967.24,26787.17,26837.11,70511,669,0,27097.40677541742,27156.934626982416,27112.94697273413,26751.180405256568
2023-10-15,1697328000,26837.07,27276.76,26792.55,27132.73,73621,758,0,27105.256380880215,27153.47682312779,27114.745429758303,26754.9769186371
2023-10-16,1697414400,27132.65,29967.83,27089.48,28490.49,133128,331,0,27413.086074017945,27344.478705538106,27239.81311796209,26772.245705516336
2023-10-17,1697500800,28490.55,28593.14,28066.1,28375.34,103674,568,0,27626.920279791735,27491.74460474695,27343.04283451099,26788.196892526124
2023-10-18,1697587200,28374.54,28952.86,28127.17,28304.27,100332,578,0,27777.442439838018,27607.81966121167,27430.42712228272,26803.282197078104
2023-10-19,1697673600,28304.15,28904.95,28110.96,28716.16,103926,694,0,27986.046342096233,27766.15399532429,27547.31192934793,26822.315807057428
2023-10-20,1697760000,28716.37,30213.51,28575.12,29662.24,122615,447,0,28358.533821630404,28037.02342456368,27739.578117589026,26850.573759226012
2023-10-21,1697846400,29662.55,30327.52,29433.18,29886.77,97477,628,0,28698.14186126809,28301.272935340297,27934.777379626386,26880.784667094413
2023-10-22,1697932800,29887.92,30190.85,29642.81,29988.98,94175,792,0,28984.99478098629,28542.373944577397,28121.523072387623,26911.71198383974
2023-10-23,1698019200,29987.41,33737.62,29882.26,33043.34,161603,101,0,29886.849274100445,29185.369095352056,28568.960974897836,26972.723207881136
2023-10-24,1698105600,33045.88,35123.94,32823.3,33915.03,175515,226,0,30782.000546522566,29861.034938873192,29054.967249907124,27041.80088740471
2023-10-25,1698192000,33912.94,35114.46,33683.28,34467.19,133669,497,0,31600.931536184216,30519.05709046274,29546.987499915565,27115.68535618675
2023-10-26,1698278400,34467.35,34809.42,33728.6,34146.03,119410,386,0,32166.508972587726,31037.19607753949,29965.082272650514,27185.639034234642
2023-10-27,1698364800,34146.09,34235.51,33391.45,33892.14,112249,841,0,32549.9825342349,31445.045209319567,30322.087520591376,27252.37038712783
2023-10-28,1698451200,33892.51,34480.49,33863.26,34068.81,88510,572,0,32887.49974884937,31819.868750845344,30662.69865508307,27320.195656907654
2023-10-29,1698537600,34068.83,34742.05,33924.27,34513.84,93776,303,0,33248.90869354951,32204.72178643887,31012.80241371188,27391.77420758519
2023-10-30,1698624000,34513.38,34837.16,34067.31,34460.14,104157,804,0,33518.07120609406,32526.924388376174,31326.196739738076,27462.106205519667
2023-10-31,1698710400,34460.23,34697.37,34065.01,34623.64,104551,564,0,33763.753160295375,32826.45519003672,31625.964308852796,27533.365248250815
2023-11-01,1698796800,34623.5,35579.79,34076.25,35408.69,117633,347,0,34129.29468022974,33195.34587717434,31969.848462593447,27611.726688566727
2023-11-02,1698883200,35408.92,35922.69,34292.83,34913.44,120791,269,0,34303.549195734246,33440.78789472087,32237.44769326677,27684.380552362083
2023-11-03,1698969600,34913.98,34919.39,34112.32,34719.63,112807,910,0,34396.01159668219,33623.47962404646,32463.100630242516,27754.383034428134
2023-11-04,1699056000,34719.7,35266.82,34589.56,35066.43,87031,560,0,34544.99346408615,33829.61539203982,32699.766936584103,27827.139720652733
2023-11-05,1699142400,35066.47,35377.61,34451.94,35019.3,97880,639,0,34650.394916511446,33999.570336034136,32910.63357871282,27898.703504526835
2023-11-06,1699228800,35019.2,35287.66,34746.45,35028.34,99954,504,0,34734.382712842234,34146.537430886405,33103.15234428438,27969.64516119821
2023-11-07,1699315200,35026.59,35882.94,34510.73,35391.52,109404,557,0,34880.413221099516,34324.39208361692,33311.18576753126,28043.49466208181
2023-11-08,1699401600,35392.95,36067.98,35052.72,35594.33,101255,700,0,35039.06139418851,34505.81178595736,33518.74433411932,28118.627352011346
2023-11-09,1699488000,35591.09,37922.54,35513.4,36664.33,142864,243,0,35400.232195479955,34814.1715308206,33804.7066673812,28203.659219155514
2023-11-10,1699574400,36665.89,37492.16,36300.49,37263.77,112700,639,0,35814.35170759552,35164.1141692748,34119.166970346545,28293.80957518382
2023-11-11,1699660800,37263.3,37365.98,36578.48,37092.19,91916,724,0,36098.31577257429,35439.55357366412,34389.44179122413,28381.355649062585
2023-11-12,1699747200,37088.24,37177.96,36703.81,37000.55,82492,570,0,36298.81226755778,35662.55306314067,34626.81526474921,28467.11877693261
2023-11-13,1699833600,36999.67,37376.82,36329.07,36446.31,105076,948,0,36331.58954143383,35774.51833983487,34792.22387704474,28546.513714475568
2023-11-14,1699920000,36447.79,36720.83,34898.84,35524.13,119149,300,0,36152.15408778187,35738.748577001315,34858.76079731339,28615.942732241983
2023-11-15,1700006400,35525.3,37914.85,35333.08,37807.12,126565,269,0,36519.924290497016,36034.23020885827,35126.793452103084,28707.39723241868
2023-11-16,1700092800,37807.46,37890.81,35478.27,36139.97,128690,895,0,36435.490003719904,36049.33589330709,35218.9004110028,28781.353180354814
2023-11-17,1700179200,36139.38,36780.4,35861.33,36603.58,138489,506,0,36472.84333622659,36128.51362283465,35344.78037363891,28859.186283037852
2023-11-18,1700265600,36605.79,36854.75,36177.42,36560.29,104322,924,0,36492.27592817624,36190.1959624297,35455.28124876264,28935.81418071907
2023-11-19,1700352000,36561.16,37510.53,36365.44,37379.4,110452,908,0,36689.41461080374,36360.08225351117,35630.20113523876,29019.8299600154
2023-11-20,1700438400,37379.59,37760.83,36696.33,37434.82,149253,362,0,36855.060252847354,36513.61621729529,35794.2573956716,29103.56120419435
2023-11-21,1700524800,37441.79,37660.52,35692.19,35711.13,164180,627,0,36600.85352999238,36398.975329110246,35786.700359701455,29169.308157386447
2023-11-22,1700611200,35722.02,37856.74,35616.24,37394.62,154168,755,0,36777.24607888296,36541.2102820945,35932.87487245587,29251.15205631793
2023-11-23,1700697600,37400.76,37644.1,36841.45,37251.8,125024,592,0,36882.70250579786,36642.72309893814,36052.77715677806,29330.760493568498
2023-11-24,1700784000,37255.25,38441.4,37201.17,37705.62,142471,535,0,37065.573060065006,36794.56551337555,36203.035597070964,29414.092428955875
2023-11-25,1700870400,37710.41,37905.95,37548.96,37779.73,96239,507,0,37224.27460227278,36935.303297179045,36346.3714518827,29497.33260379214
2023-11-26,1700956800,37782.53,37823.71,37115.86,37451.26,108681,945,0,37274.715801767714,37009.01139758204,36446.81586534791,29576.476159973314
2023-11-27,1701043200,37454.29,37562.68,36679.7,37235.16,133659,1093,0,37265.92562359711,37041.31834078461,36518.48351395265,29652.68196932681
2023-11-28,1701129600,37232.26,38386.61,36851.25,37817.3,131341,732,0,37388.45326279775,37152.17286352967,36636.55773995695,29733.92194973152
2023-11-29,1701216000,37813.7,38422.82,37553.12,37847.33,131612,1219,0,37490.425871064916,37251.481025882575,36746.627945415414,29814.6523780924
2023-11-30,1701302400,37848.22,38148.09,37474.61,37696.94,115870,1042,0,37536.317899717156,37315.11802218507,36833.019950377646,29893.083100698448
2023-12-01,1701388800,37702.56,38950.35,37591.51,38674.41,130503,1004,0,37789.227255335565,37509.30259044435,37000.419045797855,29980.459487756176
2023-12-02,1701475200,38677.3,39687.81,38632.6,39430.05,104676,850,0,38153.85453192766,37783.69507752373,37221.29458708896,30074.48526399741
2023-12-03,1701561600,39429.88,40154.62,39250.01,39944.05,106052,1008,0,38551.67574705485,38092.31720930606,37468.81780644451,30172.68988823624
2023-12-04,1701648000,39944.5,42356.3,39933.44,41920.3,152284,1151,0,39300.25891437599,38639.17189369091,37873.498005858644,30289.581531139364
2023-12-05,1701734400,41911.51,44495.01,41161.22,44061.54,163055,953,0,40358.32137784799,39413.795908877924,38436.04727805331,30426.615943764846
2023-12-06,1701820800,44066.79,44291.84,43355.76,43740.1,159806,1371,0,41109.82773832622,40031.83935046679,38918.23388913937,30559.08842193634
2023-12-07,1701907200,43740.59,44060.99,42792.52,43232.1,150472,986,0,41581.44379647595,40489.01944325725,39310.403535581245,30685.188039628516
2023-12-08,1701993600,43229.86,44722.75,43018.53,44159.46,147862,1271,0,42154.33628614796,41013.36809422051,39751.2268505284,30819.26039744316
2023-12-09,1702080000,44160.45,44352.18,43542.2,43690.86,115898,1466,0,42495.786000337306,41395.8669379033,40109.37531866218,30947.33601537905
2023-12-10,1702166400,43693.69,44025.71,43524.82,43742.47,104357,1660,0,42772.826889151234,41731.095946774265,40439.65665332926,31074.650781395176
2023-12-11,1702252800,43747.68,43776.55,40159.47,41228.17,203175,740,0,42429.569802673184,41659.24938294937,40511.33968484478,31175.680823371342
2023-12-12,1702339200,41226.19,42076.84,40634.51,41479.5,168145,876,0,42218.44317985692,41633.570899670885,40599.3542589498,31278.2063873179
2023-12-13,1702425600,41477.36,43436.92,40573.13,42845.55,156900,1092,0,42357.80025099983,41806.71077114648,40803.55387177255,31393.304333712746
2023-12-14,1702512000,42849.06,43394.66,41423.43,43000.99,154340,925,0,42500.731306333204,41977.32208955413,41003.3207925205,31508.803693576305
2023-12-15,1702598400,43003.6,43067.4,41643.93,41905.59,135143,912,0,42368.477682703604,41967.07464818926,41085.345265927725,31612.254303590475
2023-12-16,1702684800,41908.02,42670.23,41604.2,42213.07,109662,1207,0,42333.942642102804,42002.21684130508,41187.86569629793,31717.73505678858
2023-12-17,1702771200,42205.79,42339.74,41197.45,41351.74,127209,1427,0,42115.67538830218,41909.2915782615,41202.763360270845,31813.59580249218
2023-12-18,1702857600,41351.33,42717.48,40481.37,42624.74,159508,1192,0,42228.80085756836,42011.49849565272,41332.03396388258,31921.169376596732
2023-12-19,1702944000,42620.55,43464.11,41774.7,42242.09,130560,1020,0,42231.754000330955,42044.44013913091,41414.76633080235,32023.865104192784
2023-12-20,1703030400,42246.32,44315.57,42157.07,43663.45,143957,743,0,42549.90866692408,42275.72726211221,41619.192118911225,32139.6818693252
2023-12-21,1703116800,43651.93,44241.89,43271.34,43864.69,135797,926,0,42842.082296496505,42502.72193895333,41823.32828991929,32256.348616894105
2023-12-22,1703203200,43861.68,44427.81,43390.91,43988.32,130341,812,0,43096.80178616395,42714.95023338857,42020.14571810844,32373.08465055685
2023-12-23,1703289600,43992.02,44029.68,43286.71,43724.24,104789,1121,0,43236.23250034974,42859.134485761635,42175.06338009858,32486.031469954298
2023-12-24,1703376000,43720.46,43951.29,42649.44,42991.39,106698,683,0,43181.82305582757,42878.028130652834,42249.274890998706,32590.562400601517
2023-12-25,1703462400,42989.9,43819.88,42705.74,43578.95,119142,502,0,43270.073487865884,42978.159826273855,42370.15444636246,32699.899590645284
2023-12-26,1703548800,43581.95,43598.93,41607.37,42491.16,140088,1635,0,43096.98160167347,42908.58842252045,42381.1549512386,32797.32506735528
2023-12-27,1703635200,42493.85,43687.95,42075.37,43444.49,138361,1592,0,43174.20569019048,42985.14579073181,42477.82177385327,32903.26700698359
2023-12-28,1703721600,43447.57,43809.12,42242.4,42555.89,141772,1252,0,43036.802203481486,42923.82353491298,42484.91888532115,32999.313006914104
2023-12-29,1703808000,42556.62,43118.21,41267.02,42047.06,142914,1483,0,42816.85949159671,42798.571601353986,42445.11353211014,33089.34034017864
2023-12-30,1703894400,42049.25,42627.33,41477.79,42087.99,112462,1155,0,42654.88849346411,42697.0599440177,42412.64775646376,33178.87914276393
